file,offset_list,length_list,text_list,score_list,isNegated_list,HPO_codes
1003450,"[14, 86, 105, 210]","[13, 17, 13, 16]","['brachydactyly', 'hypoplastic nails', 'symphalangism', 'craniosynostosis']","[0.89, 0.67, 0.94, 0.99]","['False', 'True', 'True', 'True']","['0001156', '0001792', '0001159', '0001363']"
10051003,"[177, 202, 224, 246, 344]","[20, 20, 16, 19, 18]","['preaxial polydactyly', 'triphalangeal thumbs', 'imperforate anus', 'renal malformations', 'mental retardation']","[0.89, 0.84, 0.76, 0.94, 0.97]","['False', 'False', 'False', 'False', 'False']","['0100258', '0001199', '0002023', '0012210', '0001249']"
10066029,"[208, 231, 238, 289, 303, 330, 447, 534, 550, 638]","[21, 4, 35, 12, 22, 27, 29, 4, 12, 4]","['basal cell carcinomas', 'BCCs', 'odontogenic keratocysts of the jaws', 'plantar pits', 'skeletal abnormalities', 'intracranial calcifications', 'calcification of falx cerebri', 'BCCs', 'plantar pits', 'BCCs']","[0.99, 0.99, 0.9, 0.62, 1.0, 0.65, 0.68, 0.99, 0.62, 0.99]","['False', 'False', 'False', 'False', 'False', 'False', 'False', 'False', 'False', 'False']","['0002671', '0002671', '0010603', '0010612', '0000924', '0002514', '0005462', '0002671', '0010612', '0002671']"
10196695,"[277, 297, 839]","[18, 3, 24]","['uniparental disomy', 'UPD', 'contiguous gene syndrome']","[0.99, 0.99, 0.99]","['False', 'False', 'False']","['0032382', '0032382', '0001466']"
10417280,[],[],[],[],[],[]
10440824,"[37, 59, 164, 275, 421, 546]","[10, 13, 19, 10, 13, 13]","['unilateral', 'cholesteatoma', 'renal malformations', 'unilateral', 'cholesteatoma', 'cholesteatoma']","[0.97, 0.99, 0.94, 0.97, 0.99, 0.99]","['False', 'False', 'False', 'False', 'False', 'False']","['0012833', '0009797', '0012210', '0012833', '0009797', '0009797']"
10482951,"[64, 84, 108, 155, 268, 277, 305, 530]","[18, 22, 11, 6, 7, 18, 18, 5]","['mental retardation', 'postnatal microcephaly', 'macrostomia', 'ataxia', 'obesity', 'muscular hypotonia', 'mental retardation', 'faint']","[0.99, 0.95, 0.91, 0.89, 0.99, 0.88, 0.99, 1.0]","['False', 'False', 'False', 'True', 'False', 'False', 'False', 'False']","['0001249', '0005484', '0000154', '0010867', '0001513', '0001252', '0001249', '0001279']"
10569966,"[119, 135, 191, 205, 378, 393, 496, 549, 564, 796, 928, 1092, 1104, 1143, 1157, 1219]","[11, 11, 10, 10, 10, 10, 6, 10, 10, 6, 10, 10, 10, 13, 11, 4]","['schwannomas', 'meningiomas', 'meningioma', 'schwannoma', 'meningioma', 'schwannoma', 'Tumour', 'meningioma', 'schwannoma', 'tumour', 'meningioma', 'meningioma', 'schwannoma', 'neurofibromas', 'schwannomas', 'fall']","[1.0, 1.0, 1.0, 1.0, 1.0, 1.0, 0.74, 1.0, 1.0, 0.96, 1.0, 1.0, 1.0, 0.79, 1.0, 1.0]","['False', 'False', 'False', 'False', 'False', 'False', 'False', 'False', 'False', 'False', 'False', 'False', 'False', 'False', 'False', 'False']","['0100008', '0002858', '0002858', '0100008', '0002858', '0100008', '0002664', '0002858', '0100008', '0002664', '0002858', '0002858', '0100008', '0001067', '0100008', '0002527']"
10593995,"[208, 233, 249, 583]","[9, 14, 10, 16]","['cleft lip', 'lower lip pits', 'syndactyly', 'cleft lip/palate']","[0.96, 0.77, 0.96, 0.92]","['False', 'False', 'False', 'False']","['0000204', '0000196', '0001159', '0000202']"
10631923,"[136, 154, 178, 209, 433, 746, 830, 844, 866]","[16, 19, 13, 8, 14, 13, 12, 17, 8]","['imperforate anus', 'Triphalangeal thumb', 'ear anomalies', 'Deafness', 'abdominal pain', 'short stature', 'low set ears', 'microretrognathia', 'deafness']","[0.94, 0.85, 0.78, 0.92, 1.0, 0.62, 0.92, 0.58, 0.84]","['False', 'False', 'False', 'False', 'False', 'False', 'False', 'False', 'False']","['0002023', '0001199', '0000598', '0000365', '0002027', '0004322', '0000369', '0000308', '0000365']"
10712204,"[24, 440]","[4, 4]","['BDA1', 'BDA1']","[0.84, 0.84]","['False', 'False']","['0009371', '0009371']"
10767004,"[523, 551, 578, 599]","[26, 8, 15, 15]","['nasolacrimal duct stenosis', 'deafness', 'malformed pinna', 'renal anomalies']","[0.94, 0.93, 0.64, 0.96]","['True', 'True', 'True', 'True']","['0007678', '0000365', '0000356', '0000077']"
10771486,"[0, 116, 217, 360, 376, 397, 652, 788, 886, 913, 1086, 1150, 1385, 1428]","[11, 11, 11, 11, 11, 13, 6, 6, 22, 11, 11, 11, 11, 11]","['Schwannomas', 'skin tumors', 'skin tumors', 'skin tumors', 'schwannomas', 'neurofibromas', 'tumors', 'tumors', 'vestibular schwannomas', 'meningiomas', 'skin tumors', 'skin tumors', 'skin tumors', 'skin tumors']","[0.96, 0.99, 0.99, 0.99, 0.99, 0.99, 1.0, 1.0, 1.0, 1.0, 0.99, 0.99, 0.99, 0.99]","['False', 'False', 'False', 'False', 'False', 'False', 'False', 'False', 'False', 'False', 'False', 'False', 'False', 'True']","['0100008', '0008069', '0008069', '0008069', '0100008', '0001067', '0002664', '0002664', '0009588', '0002858', '0008069', '0008069', '0008069', '0008069']"
10861661,[836],[8],['epilepsy'],[0.94],['False'],['0001250']
10982040,[],[],[],[],[],[]
11078565,"[85, 134, 199, 216, 228, 283]","[17, 15, 13, 10, 19, 8]","['speech impairment', 'wide-based gait', 'deep-set eyes', 'wide mouth', 'widely-spaced teeth', 'seizures']","[0.82, 0.98, 0.99, 0.99, 0.84, 0.95]","['False', 'False', 'False', 'False', 'False', 'True']","['0000750', '0002136', '0000490', '0000154', '0000687', '0001250']"
1110452,[416],[25],['Treacher-Collins syndrome'],[1.0],['False'],['0005321']
11152153,"[94, 167]","[14, 20]","['white forelock', 'preaxial polydactyly']","[0.78, 0.97]","['False', 'False']","['0002211', '0100258']"
11169564,"[444, 746, 930]","[20, 20, 20]","['brachydactyly type C', 'brachydactyly type C', 'brachydactyly type C']","[0.99, 0.99, 0.99]","['False', 'False', 'False']","['0009373', '0009373', '0009373']"
11312426,"[275, 354, 712, 727, 1003, 1041]","[12, 9, 7, 21, 6, 12]","['Acrochordons', 'skin tags', 'papules', 'basal cell carcinomas', 'tumors', 'acrochordons']","[1.0, 1.0, 0.81, 0.98, 0.96, 1.0]","['False', 'False', 'False', 'False', 'False', 'False']","['0010609', '0010609', '0200034', '0002671', '0002664', '0010609']"
11338037,[],[],[],[],[],[]
11342693,"[275, 502]","[11, 10]","['schwannomas', 'schwannoma']","[0.96, 0.97]","['False', 'False']","['0100008', '0100008']"
11343340,"[828, 892]","[14, 24]","['cerebral palsy', 'autism spectrum disorder']","[1.0, 1.0]","['False', 'False']","['0100021', '0000729']"
11382639,"[979, 1022, 1100, 1168, 1210, 1366, 2243]","[21, 15, 11, 21, 9, 21, 21]","['basal cell carcinomas', 'frontal bossing', 'palmar pits', 'ectopic calcification', 'bifid rib', 'basal cell carcinomas', 'basal cell carcinomas']","[0.99, 0.97, 0.88, 0.67, 0.83, 0.99, 0.99]","['False', 'False', 'False', 'False', 'False', 'False', 'False']","['0002671', '0002007', '0010610', '0010766', '0000892', '0002671', '0002671']"
11425952,[452],[21],['degeneration of axons'],[0.55],['False'],['0040078']
11455389,[],[],[],[],[],[]
11484202,"[49, 67, 87, 110, 455, 585, 644, 864]","[16, 14, 17, 26, 17, 23, 17, 18]","['imperforate anus', 'hand anomalies', 'ear malformations', 'sensorineural hearing loss', 'cardiac anomalies', 'pulmonary valve atresia', 'cardiac anomalies', 'hypoplastic thumbs']","[0.86, 0.9, 0.89, 0.93, 0.88, 0.98, 0.88, 0.66]","['False', 'False', 'False', 'False', 'False', 'False', 'False', 'False']","['0002023', '0001155', '0000598', '0000407', '0001627', '0010882', '0001627', '0009778']"
11748306,"[547, 576, 817, 839, 1077]","[18, 17, 16, 8, 8]","['mental retardation', 'speech impairment', 'hypopigmentation', 'seizures', 'seizures']","[0.99, 0.77, 0.98, 0.98, 0.98]","['False', 'False', 'False', 'False', 'False']","['0001249', '0000750', '0001010', '0001250', '0001250']"
11837604,"[38, 193, 345]","[20, 21, 20]","['type C brachydactyly', 'brachydactyly type C.', 'brachydactyly type C']","[0.93, 0.98, 0.98]","['False', 'False', 'False']","['0009373', '0009373', '0009373']"
11896453,[257],[6],['autism'],[0.96],['False'],['0000717']
12011146,"[90, 287, 415, 555, 618, 686, 822, 1039, 1120, 1217, 1320, 1433, 1650, 1733]","[21, 21, 6, 6, 6, 6, 6, 11, 21, 21, 22, 7, 7, 6]","['vestibular schwannoma', 'vestibular schwannoma', 'tumour', 'tumour', 'tumour', 'tumour', 'tumour', 'meningiomas', 'vestibular schwannoma', 'vestibular schwannoma', 'vestibular schwannomas', 'tumours', 'tumours', 'tumour']","[0.98, 0.98, 1.0, 1.0, 1.0, 1.0, 1.0, 0.98, 0.98, 0.98, 0.99, 0.98, 0.98, 1.0]","['False', 'False', 'False', 'False', 'False', 'False', 'False', 'False', 'False', 'False', 'False', 'False', 'True', 'False']","['0009588', '0009588', '0002664', '0002664', '0002664', '0002664', '0002664', '0002858', '0009588', '0009588', '0009588', '0002664', '0002664', '0002664']"
12136076,"[43, 121, 250]","[5, 22, 22]","['tumor', 'malignant mesothelioma', 'malignant mesothelioma']","[1.0, 1.0, 1.0]","['False', 'False', 'False']","['0002664', '0100001', '0100001']"
12219090,"[517, 740]","[20, 17]","['cleft lip and palate', 'genital anomalies']","[0.97, 0.81]","['False', 'False']","['0000202', '0000078']"
12235555,"[305, 600, 640, 1349]","[24, 11, 11, 24]","['intracranial meningiomas', 'meningiomas', 'meningiomas', 'intracranial meningiomas']","[1.0, 1.0, 1.0, 1.0]","['False', 'False', 'True', 'False']","['0100009', '0002858', '0002858', '0100009']"
12357473,"[318, 342, 597, 860]","[3, 3, 3, 3]","['BDC', 'BDC', 'BDC', 'BDC']","[1.0, 1.0, 1.0, 1.0]","['False', 'False', 'False', 'False']","['0009373', '0009373', '0009373', '0009373']"
12384778,"[0, 23, 194]","[21, 4, 4]","['Brachydactyly type A1', 'BDA1', 'BDA1']","[0.98, 0.98, 0.98]","['False', 'False', 'False']","['0009371', '0009371', '0009371']"
12404110,[],[],[],[],[],[]
12473765,"[231, 482, 492, 1268, 1278]","[22, 9, 22, 9, 22]","['vestibular schwannomas', 'bilateral', 'vestibular schwannomas', 'bilateral', 'vestibular schwannomas']","[0.98, 0.72, 0.98, 0.72, 0.98]","['True', 'True', 'True', 'True', 'True']","['0009588', '0012832', '0009588', '0012832', '0009588']"
1248162,"[183, 306, 350, 447, 542, 581]","[21, 24, 15, 29, 24, 18]","['cochlear malformation', 'branchial cleft fistulas', 'renal dysplasia', 'aplasia of the lacrimal ducts', 'branchial cleft fistulas', 'polycystic kidneys']","[0.67, 0.95, 0.99, 0.97, 0.95, 0.95]","['False', 'False', 'False', 'False', 'False', 'False']","['0008554', '0009795', '0000110', '0007925', '0009795', '0000113']"
12567410,"[389, 411, 695, 761, 829, 880, 905, 947, 1102, 1120, 1430, 1865, 1970, 1981, 1991, 2006]","[20, 3, 3, 3, 22, 14, 27, 13, 13, 17, 3, 3, 3, 8, 13, 13]","['brachydactyly type C', 'BDC', 'BDC', 'BDC', 'skeletal abnormalities', 'vertical talus', 'developmental hip dysplasia', 'short stature', 'spondylolysis', 'spondylolisthesis', 'BDC', 'BDC', 'BDC', 'clubfoot', 'short stature', 'spondylolysis']","[0.98, 0.98, 0.98, 0.98, 0.57, 0.84, 0.98, 0.91, 0.99, 0.99, 0.98, 0.98, 0.98, 0.8, 0.91, 0.99]","['False', 'False', 'False', 'False', 'False', 'False', 'False', 'False', 'False', 'False', 'False', 'False', 'False', 'False', 'False', 'False']","['0009373', '0009373', '0009373', '0009373', '0000924', '0001838', '0001385', '0004322', '0003304', '0003302', '0009373', '0009373', '0009373', '0001762', '0004322', '0003304']"
12592607,"[4, 27, 83, 196, 458, 931]","[21, 3, 30, 3, 3, 3]","['distal arthrogryposes', 'DAs', 'congenital contractures of the', 'DAs', 'DAs', 'DAs']","[0.85, 0.85, 0.72, 0.85, 0.85, 0.85]","['False', 'False', 'False', 'False', 'False', 'False']","['0005684', '0005684', '0002803', '0005684', '0005684', '0005684']"
12868482,[111],[13],['calcification'],[0.69],['False'],['0003761']
12900905,"[84, 126, 163, 230, 247, 386, 522, 596, 766]","[18, 12, 9, 4, 12, 9, 18, 18, 18]","['ulcerative colitis', 'blood stools', 'scoliosis', 'nevi', 'plantar pits', 'edematous', 'ulcerative colitis', 'ulcerative colitis', 'ulcerative colitis']","[1.0, 0.98, 0.97, 0.77, 0.79, 0.99, 1.0, 1.0, 1.0]","['False', 'False', 'False', 'False', 'False', 'False', 'False', 'False', 'False']","['0100279', '0025085', '0002650', '0003764', '0010612', '0000969', '0100279', '0100279', '0100279']"
1307249,[],[],[],[],[],[]
1347096,"[177, 197]","[18, 26]","['skeletal anomalies', 'intracranial calcification']","[0.66, 0.88]","['False', 'False']","['0000924', '0002514']"
1348213,"[70, 105, 127, 195, 325, 955]","[33, 16, 16, 6, 5, 5]","['basal cell carcinomas of the skin', 'ovarian fibromas', 'medulloblastomas', 'cancer', 'tumor', 'tumor']","[0.91, 1.0, 1.0, 1.0, 0.9, 0.9]","['False', 'False', 'False', 'False', 'False', 'False']","['0002671', '0010618', '0002885', '0002664', '0002664', '0002664']"
1357962,"[0, 223, 306, 1041]","[18, 18, 18, 18]","['Uniparental disomy', 'uniparental disomy', 'uniparental disomy', 'uniparental disomy']","[0.99, 0.99, 0.99, 0.99]","['False', 'False', 'False', 'False']","['0032382', '0032382', '0032382', '0032382']"
1360768,[],[],[],[],[],[]
1362220,[],[],[],[],[],[]
1363801,"[939, 1016]","[4, 4]","['fell', 'fell']","[1.0, 1.0]","['False', 'False']","['0002527', '0002527']"
1415348,"[113, 136, 198, 467, 764, 783, 811]","[15, 16, 20, 16, 17, 22, 18]","['oligohydramnios', 'renal hypoplasia', 'pulmonary hypoplasia', 'renal hypoplasia', 'preauricular pits', 'lacrimal duct stenosis', 'branchial fistulae']","[0.99, 0.99, 0.98, 0.99, 1.0, 0.91, 0.95]","['False', 'False', 'False', 'False', 'False', 'False', 'False']","['0001562', '0000089', '0002089', '0000089', '0004467', '0007678', '0009795']"
1456285,"[45, 75]","[19, 36]","['acoustic neurinomas', 'tumors in the central nervous system']","[0.99, 0.83]","['False', 'False']","['0009588', '0100006']"
1456287,[189],[17],['hypernasal speech'],[0.99],['False'],['0001611']
14699618,"[292, 319, 339, 377, 399, 417, 445, 477, 1145]","[25, 18, 36, 20, 16, 19, 12, 15, 9]","['bridging of sella turcica', 'biparietal bossing', 'downward slanting palpebral fissures', 'mandible prognathism', 'pectus excavatum', 'thumb abnormalities', 'spina bifida', 'basal cell nevi', 'bilateral']","[0.63, 0.95, 0.76, 0.58, 0.93, 0.86, 0.98, 0.63, 0.55]","['False', 'False', 'False', 'False', 'False', 'False', 'False', 'False', 'False']","['0005449', '0000242', '0000494', '0000303', '0000767', '0001172', '0002414', '0002671', '0012832']"
14717907,[],[],[],[],[],[]
14735582,"[0, 22, 316, 383]","[20, 3, 3, 3]","['Brachydactyly type C', 'BDC', 'BDC', 'BDC']","[0.97, 0.97, 0.97, 0.97]","['False', 'False', 'False', 'False']","['0009373', '0009373', '0009373', '0009373']"
1478663,"[133, 197, 250]","[18, 17, 15]","['hearing impairment', 'preauricular pits', 'renal anomalies']","[1.0, 0.63, 0.95]","['False', 'False', 'False']","['0000365', '0004467', '0000077']"
1479598,"[892, 902, 1004, 1052]","[9, 22, 7, 4]","['bilateral', 'vestibular schwannomas', 'tumours', 'fall']","[0.74, 0.98, 0.97, 1.0]","['False', 'False', 'False', 'True']","['0012832', '0009588', '0002664', '0002527']"
1479599,"[282, 306, 325, 350, 623, 639, 765]","[22, 16, 19, 14, 12, 8, 22]","['vestibular schwannomas', 'acoustic neuroma', 'cranial meningiomas', 'spinal tumours', 'lens opacity', 'cataract', 'Vestibular schwannomas']","[1.0, 1.0, 1.0, 1.0, 0.67, 0.99, 0.98]","['False', 'False', 'False', 'False', 'False', 'False', 'False']","['0009588', '0009588', '0100009', '0010302', '0000518', '0000518', '0009588']"
1484939,"[267, 291, 310, 334, 427, 485, 513, 551, 653, 676, 736, 907, 1002, 1018, 1134, 1219]","[22, 16, 19, 14, 8, 8, 8, 15, 8, 7, 9, 12, 12, 8, 17, 6]","['vestibular schwannomas', 'acoustic neuroma', 'cranial meningiomas', 'spinal tumours', 'deafness', 'Deafness', 'tinnitus', 'muscle weakness', 'seizures', 'vertigo', 'blindness', 'Skin tumours', 'lens opacity', 'cataract', 'neurofibromatosis', 'tumour']","[1.0, 1.0, 1.0, 1.0, 0.95, 1.0, 0.89, 0.96, 0.99, 0.96, 0.99, 0.99, 0.77, 0.98, 1.0, 0.97]","['False', 'False', 'False', 'False', 'False', 'False', 'False', 'False', 'False', 'False', 'False', 'False', 'False', 'False', 'False', 'False']","['0009588', '0009588', '0100009', '0010302', '0000365', '0000365', '0000360', '0001324', '0001250', '0002321', '0000618', '0008069', '0000518', '0000518', '0001067', '0002664']"
1496981,"[80, 181, 190, 509, 581, 609, 628, 641, 658, 726, 952, 963, 1285, 1294, 1487, 1656]","[5, 8, 6, 5, 8, 17, 11, 11, 11, 6, 6, 16, 8, 16, 6, 5]","['tumor', 'sporadic', 'tumors', 'tumor', 'sporadic', 'acoustic neuromas', 'meningiomas', 'schwannomas', 'ependymomas', 'tumors', 'tumors', 'acoustic neuroma', 'sporadic', 'acoustic neuroma', 'tumors', 'tumor']","[1.0, 0.77, 0.94, 1.0, 0.77, 1.0, 1.0, 1.0, 1.0, 0.94, 0.94, 1.0, 0.77, 1.0, 0.94, 1.0]","['False', 'False', 'False', 'False', 'False', 'False', 'False', 'False', 'False', 'False', 'False', 'False', 'False', 'False', 'True', 'False']","['0002664', '0003745', '0002664', '0002664', '0003745', '0009588', '0002858', '0100008', '0002888', '0002664', '0002664', '0009588', '0003745', '0009588', '0002664', '0002664']"
1496982,"[101, 134, 206, 223, 262]","[22, 28, 11, 11, 22]","['vestibular schwannomas', 'tumors of the nervous system', 'schwannomas', 'ependymomas', 'vestibular schwannomas']","[0.99, 0.95, 1.0, 1.0, 0.99]","['False', 'False', 'False', 'False', 'False']","['0009588', '0004375', '0100008', '0002888', '0009588']"
15150776,"[143, 705, 752]","[18, 14, 16]","['uniparental disomy', 'cerebral palsy', 'cerebral atrophy']","[0.99, 1.0, 0.73]","['True', 'False', 'False']","['0032382', '0100021', '0002059']"
15190457,"[84, 162, 806, 832, 851, 1012, 1160, 1189, 1366, 1392, 1411]","[6, 21, 24, 13, 23, 6, 24, 13, 24, 13, 23]","['tumors', 'nervous system tumors', 'intracranial meningiomas', 'spinal tumors', 'peripheral nerve tumors', 'tumors', 'intracranial meningiomas', 'spinal tumors', 'intracranial meningiomas', 'spinal tumors', 'peripheral nerve tumors']","[0.91, 0.99, 1.0, 1.0, 1.0, 0.91, 1.0, 1.0, 1.0, 1.0, 1.0]","['False', 'False', 'False', 'False', 'False', 'False', 'False', 'False', 'False', 'False', 'False']","['0002664', '0004375', '0100009', '0010302', '0100007', '0002664', '0100009', '0010302', '0100009', '0010302', '0100007']"
15385437,"[255, 1162]","[5, 18]","['faint', 'mental retardation']","[1.0, 0.98]","['False', 'False']","['0001279', '0001249']"
15470370,"[912, 1192, 1241, 1351, 1401]","[17, 20, 9, 8, 6]","['speech impairment', 'swallowing disorders', 'hypotonia', 'seizures', 'ataxia']","[0.87, 1.0, 0.66, 0.97, 0.78]","['False', 'False', 'False', 'True', 'True']","['0000750', '0002015', '0001252', '0001250', '0010867']"
15734008,[274],[23],['branchial cleft fistula'],[0.74],['False'],['0009795']
1583664,"[49, 251]","[20, 11]","['brachydactyly type C', 'cupped ears']","[0.98, 0.99]","['False', 'False']","['0009373', '0000378']"
15994874,[540],[24],['intracranial meningiomas'],[1.0],['False'],['0100009']
1619642,[],[],[],[],[],[]
16401744,"[74, 94, 262, 372, 523, 647, 666, 839, 858, 880, 894, 955, 978, 1018, 1115, 1157, 1176, 1248, 1480, 1675, 1785, 1861]","[18, 15, 8, 8, 8, 8, 8, 7, 17, 9, 21, 8, 5, 18, 8, 8, 7, 8, 8, 8, 8, 7]","['mental retardation', 'speech disorder', 'epilepsy', 'epilepsy', 'Epilepsy', 'Epilepsy', 'epilepsy', 'seizure', 'atypical absences', 'myoclonic', 'tonic-clonic seizures', 'Epilepsy', 'fever', 'status epilepticus', 'seizures', 'seizures', 'seizure', 'epilepsy', 'epilepsy', 'Epilepsy', 'epilepsy', 'seizure']","[0.99, 0.98, 1.0, 1.0, 1.0, 1.0, 1.0, 1.0, 0.93, 0.91, 1.0, 1.0, 0.87, 0.99, 0.93, 0.93, 1.0, 1.0, 1.0, 1.0, 1.0, 1.0]","['False', 'False', 'False', 'False', 'False', 'False', 'False', 'False', 'False', 'False', 'False', 'False', 'False', 'False', 'False', 'False', 'False', 'False', 'False', 'False', 'False', 'False']","['0001249', '0002167', '0001250', '0001250', '0001250', '0001250', '0001250', '0001250', '0007270', '0001336', '0002069', '0001250', '0001945', '0002133', '0001250', '0001250', '0001250', '0001250', '0001250', '0001250', '0001250', '0001250']"
1672177,[65],[18],['mental retardation'],[0.96],['False'],['0001249']
1683160,[],[],[],[],[],[]
16871364,"[0, 23, 168, 366, 422]","[21, 4, 4, 4, 4]","['Brachydactyly type A1', 'BDA1', 'BDA1', 'BDA1', 'BDA1']","[0.95, 0.95, 0.95, 0.95, 0.95]","['False', 'False', 'False', 'False', 'False']","['0009371', '0009371', '0009371', '0009371', '0009371']"
16957682,"[99, 122, 186, 208, 305, 411, 421]","[21, 4, 20, 3, 13, 4, 3]","['brachydactyly type A2', 'BDA2', 'brachydactyly type C', 'BDC', 'symphalangism', 'BDA2', 'BDC']","[0.97, 0.97, 0.98, 0.98, 0.86, 0.97, 0.98]","['False', 'False', 'False', 'False', 'False', 'False', 'False']","['0009372', '0009372', '0009373', '0009373', '0001159', '0009372', '0009373']"
17307835,[469],[21],['vestibular schwannoma'],[0.95],['False'],['0009588']
17353411,"[390, 413, 694]","[21, 20, 20]","['subcapsular cataracts', 'epiretinal membranes', 'epiretinal membranes']","[0.93, 0.94, 0.94]","['False', 'False', 'False']","['0000523', '0100014', '0100014']"
17431915,"[179, 344, 386, 412, 446, 905]","[20, 21, 11, 17, 22, 17]","['preaxial polydactyly', 'mandibular hypoplasia', 'polydactyly', 'epibulbar dermoid', 'abnormal external ears', 'epibulbar dermoid']","[0.89, 0.75, 0.66, 0.88, 0.95, 0.88]","['False', 'False', 'False', 'False', 'False', 'False']","['0100258', '0009118', '0010442', '0001140', '0000598', '0001140']"
1745350,"[51, 70, 96, 159, 228, 246, 264, 756, 874]","[17, 2, 20, 20, 16, 13, 15, 2, 2]","['neurofibromatosis', 'NF', 'spinal neurofibromas', 'spinal neurofibromas', 'cutaneous tumors', 'Lisch nodules', 'acoustic tumors', 'NF', 'NF']","[1.0, 1.0, 0.99, 0.99, 0.97, 0.91, 0.99, 1.0, 1.0]","['False', 'False', 'False', 'False', 'False', 'False', 'False', 'False', 'False']","['0001067', '0001067', '0009735', '0009735', '0008069', '0009737', '0009588', '0001067', '0001067']"
1750770,"[9, 84, 268]","[7, 13, 11]","['preterm', 'abnormal ribs', 'skin cancer']","[0.93, 0.86, 0.99]","['False', 'False', 'False']","['0001622', '0000772', '0008069']"
1789288,"[186, 458, 565]","[17, 17, 17]","['acoustic neuromas', 'acoustic neuromas', 'acoustic neuromas']","[1.0, 1.0, 1.0]","['False', 'False', 'False']","['0009588', '0009588', '0009588']"
18000979,[],[],[],[],[],[]
18177466,"[347, 638, 696, 986, 1009]","[15, 6, 9, 18, 14]","['renal anomalies', 'myopia', 'flat face', 'branchial fistulae', 'renal agenesis']","[0.88, 0.96, 0.9, 0.92, 0.96]","['False', 'False', 'False', 'False', 'False']","['0000077', '0000545', '0012368', '0009795', '0000104']"
18220287,"[118, 164, 207, 242, 266]","[26, 15, 8, 18, 15]","['external ear malformations', 'renal anomalies', 'ear pits', 'branchial fistulae', 'kidney agenesis']","[0.86, 0.98, 0.82, 0.99, 0.97]","['False', 'False', 'False', 'False', 'False']","['0000356', '0000077', '0004467', '0009795', '0000104']"
18283415,"[201, 231, 253, 271, 422]","[18, 20, 3, 13, 3]","['skeletal dysplasia', 'brachydactyly type C', 'BDC', 'symphalangism', 'BDC']","[0.96, 0.99, 0.99, 0.96, 0.99]","['False', 'False', 'False', 'False', 'False']","['0002652', '0009373', '0009373', '0001159', '0009373']"
18285427,[],[],[],[],[],[]
18423521,"[306, 324]","[16, 11]","['malformed pinnae', 'oral clefts']","[0.82, 0.62]","['False', 'False']","['0000356', '0000202']"
18478600,"[295, 306, 328, 345, 366, 377, 398, 613, 735]","[10, 20, 15, 19, 10, 13, 19, 11, 18]","['unilateral', 'cleft lip and palate', 'ankyloblepharon', 'paramedian lip pits', 'unilateral', 'renal aplasia', 'coronal hypospadias', 'hypospadias', 'renal malformation']","[0.8, 0.95, 0.98, 0.9, 0.8, 0.99, 0.96, 0.99, 0.95]","['False', 'False', 'False', 'False', 'False', 'False', 'False', 'True', 'False']","['0012833', '0000202', '0009755', '0100269', '0012833', '0000104', '0008743', '0000047', '0012210']"
18629882,[0],[21],['Brachydactyly type A1'],[0.96],['False'],['0009371']
18701717,"[75, 127]","[18, 18]","['mental retardation', 'sleep disturbances']","[0.88, 0.98]","['False', 'False']","['0001249', '0002360']"
19206155,[117],[28],['branchial arch abnormalities'],[0.71],['False'],['0009794']
1931625,"[104, 172, 472, 522, 673, 915]","[15, 15, 12, 15, 15, 15]","['medulloblastoma', 'medulloblastoma', 'brain tumour', 'medulloblastoma', 'medulloblastoma', 'medulloblastoma']","[1.0, 1.0, 1.0, 1.0, 1.0, 1.0]","['False', 'False', 'False', 'False', 'False', 'False']","['0002885', '0002885', '0030692', '0002885', '0002885', '0002885']"
19476995,"[117, 422, 446, 459, 472, 485, 503, 519, 579, 649]","[6, 22, 11, 11, 11, 12, 13, 21, 20, 12]","['tumour', 'nervous system tumours', 'schwannomas', 'meningiomas', 'ependymomas', 'astrocytomas', 'neurofibromas', 'peripheral neuropathy', 'epiretinal membranes', 'skin tumours']","[0.76, 0.99, 1.0, 1.0, 1.0, 1.0, 1.0, 1.0, 0.99, 1.0]","['False', 'False', 'False', 'False', 'False', 'False', 'False', 'False', 'False', 'False']","['0002664', '0004375', '0100008', '0002858', '0002888', '0009592', '0001067', '0009830', '0100014', '0008069']"
1951448,"[62, 227]","[18, 18]","['mental retardation', 'mental retardation']","[0.99, 0.99]","['False', 'False']","['0001249', '0001249']"
19533801,"[205, 491, 719]","[15, 15, 15]","['medulloblastoma', 'medulloblastoma', 'medulloblastoma']","[1.0, 1.0, 1.0]","['False', 'False', 'False']","['0002885', '0002885', '0002885']"
19557015,"[195, 247]","[6, 15]","['tumors', 'medulloblastoma']","[0.96, 1.0]","['False', 'False']","['0002664', '0002885']"
2012134,"[638, 648, 659, 678, 1088, 1198]","[8, 9, 13, 12, 16, 8]","['seizures', 'hypotonia', 'hyperreflexia', 'hyperkinesis', 'hypopigmentation', 'albinism']","[0.89, 0.93, 0.93, 0.96, 1.0, 1.0]","['False', 'False', 'False', 'False', 'False', 'False']","['0001250', '0001252', '0001347', '0002487', '0001010', '0001022']"
2035528,"[859, 930, 1008]","[24, 18, 23]","['phenotypic abnormalities', 'uniparental disomy', 'phenotypically abnormal']","[0.73, 0.99, 1.0]","['False', 'False', 'False']","['0000118', '0032382', '0000118']"
2105641,"[151, 191, 204, 213, 228, 258, 365, 551, 676]","[28, 11, 7, 13, 11, 17, 5, 5, 5]","['tumors of the nervous system', 'meningiomas', 'gliomas', 'neurofibromas', 'ependymomas', 'acoustic neuromas', 'tumor', 'tumor', 'tumor']","[0.9, 1.0, 1.0, 0.99, 1.0, 1.0, 1.0, 1.0, 1.0]","['False', 'False', 'False', 'False', 'False', 'False', 'False', 'False', 'False']","['0004375', '0002858', '0009733', '0001067', '0002888', '0009588', '0002664', '0002664', '0002664']"
2164325,"[203, 243]","[14, 10]","['toe syndactyly', 'syndactyly']","[0.95, 0.97]","['False', 'False']","['0001770', '0001159']"
2282716,"[124, 416, 432, 489]","[17, 11, 13, 19]","['neurofibromatosis', 'meningiomas', 'spinal tumors', 'acoustic neurinomas']","[1.0, 0.98, 0.99, 1.0]","['True', 'False', 'False', 'False']","['0001067', '0002858', '0010302', '0009588']"
2309778,[],[],[],[],[],[]
2354548,[],[],[],[],[],[]
2466440,"[76, 104, 124, 145, 355, 372, 390, 404, 436, 480]","[26, 6, 19, 8, 13, 10, 12, 16, 17, 11]","['global developmental delay', 'ataxia', 'paroxysmal laughter', 'seizures', 'prominent jaw', 'wide mouth', 'pointed chin', 'Tongue thrusting', 'movement disorder', 'ataxic gait']","[0.82, 0.69, 0.93, 0.96, 0.99, 0.99, 0.97, 0.92, 0.96, 0.96]","['False', 'False', 'False', 'False', 'False', 'False', 'False', 'False', 'False', 'False']","['0001263', '0010867', '0000749', '0001250', '0000303', '0000154', '0000307', '0100703', '0100022', '0002066']"
263442,"[442, 461, 500, 589, 1100, 1212, 1229, 1376]","[17, 23, 18, 15, 18, 8, 15, 17]","['preauricular pits', 'lachrymal duct stenosis', 'branchial fistulas', 'renal anomalies', 'renal malformation', 'deafness', 'renal anomalies', 'preauricular pits']","[0.65, 0.92, 0.97, 0.98, 0.99, 0.99, 0.98, 0.65]","['False', 'False', 'False', 'False', 'False', 'False', 'True', 'False']","['0004467', '0007678', '0009795', '0000077', '0012210', '0000365', '0000077', '0004467']"
2667456,[],[],[],[],[],[]
2705922,"[133, 430]","[27, 14]","['posterior capsular cataract', 'lens opacities']","[0.92, 0.73]","['False', 'False']","['0100020', '0000518']"
2729353,"[171, 186, 214, 242, 275, 373]","[13, 26, 17, 6, 23, 21]","['brachycephaly', 'sensorineural hearing loss', 'speech impediment', 'ataxia', 'enlarged foramen magnum', 'brainstem abnormality']","[0.6, 0.89, 1.0, 1.0, 0.8, 0.95]","['False', 'False', 'False', 'False', 'False', 'True']","['0000248', '0000407', '0002167', '0010867', '0002700', '0002363']"
2888021,"[118, 158, 171, 180, 221, 441, 579, 706, 722, 857, 954, 982]","[29, 11, 7, 13, 17, 17, 7, 11, 17, 6, 17, 22]","['tumours of the nervous system', 'meningiomas', 'gliomas', 'neurofibromas', 'acoustic neuromas', 'neurofibromatosis', 'tumours', 'meningiomas', 'acoustic neuromas', 'tumour', 'acoustic neuromas', 'nervous system tumours']","[0.91, 1.0, 1.0, 1.0, 1.0, 0.99, 0.95, 1.0, 1.0, 0.96, 1.0, 1.0]","['False', 'False', 'False', 'False', 'False', 'False', 'False', 'False', 'False', 'False', 'False', 'False']","['0004375', '0002858', '0009733', '0001067', '0009588', '0001067', '0002664', '0002858', '0009588', '0002664', '0009588', '0004375']"
2893543,"[34, 629, 844]","[13, 18, 18]","['short stature', 'uniparental disomy', 'Uniparental disomy']","[0.95, 1.0, 0.99]","['False', 'False', 'False']","['0004322', '0032382', '0032382']"
2918545,"[68, 88, 98]","[18, 8, 6]","['mental retardation', 'epilepsy', 'ataxia']","[0.98, 0.99, 0.93]","['False', 'False', 'False']","['0001249', '0001250', '0010867']"
292745,"[397, 559, 658, 731]","[21, 12, 10, 22]","['basal cell carcinomas', 'skin tumours', 'bifid ribs', 'skeletal abnormalities']","[0.99, 1.0, 0.74, 0.58]","['False', 'False', 'False', 'False']","['0002671', '0008069', '0000892', '0000924']"
3063533,"[67, 120, 209]","[23, 8, 20]","['psychomotor retardation', 'Seizures', 'atrophy of the brain']","[0.79, 1.0, 0.61]","['False', 'False', 'False']","['0025356', '0001250', '0012444']"
3092103,"[238, 362, 751, 907, 1049, 1261, 1467, 1524, 1613, 1753, 1774]","[17, 6, 7, 7, 16, 17, 17, 11, 10, 16, 10]","['embryonal tumours', 'tumour', 'tumours', 'tumours', 'acoustic neuroma', 'embryonal tumours', 'acoustic neuromas', 'meningiomas', 'meningioma', 'acoustic neuroma', 'meningioma']","[1.0, 0.96, 0.99, 0.99, 1.0, 1.0, 0.99, 1.0, 1.0, 1.0, 1.0]","['False', 'False', 'False', 'False', 'False', 'False', 'False', 'False', 'False', 'False', 'False']","['0002898', '0002664', '0002664', '0002664', '0009588', '0002898', '0009588', '0002858', '0002858', '0009588', '0002858']"
3098672,"[604, 620]","[11, 13]","['meningiomas', 'neurofibromas']","[0.99, 0.99]","['False', 'False']","['0002858', '0001067']"
3100017,"[95, 331]","[17, 17]","['neurofibromatosis', 'neurofibromatosis']","[1.0, 1.0]","['False', 'False']","['0001067', '0001067']"
3105060,"[89, 213, 236, 259, 351, 372, 539, 737, 1009]","[9, 17, 13, 10, 5, 13, 6, 17, 5]","['tumors of', 'acoustic neuromas', 'neurofibromas', 'meningioma', 'tumor', 'neurofibromas', 'tumors', 'acoustic neuromas', 'tumor']","[0.75, 1.0, 0.99, 0.99, 0.93, 0.99, 1.0, 1.0, 0.93]","['False', 'False', 'False', 'False', 'False', 'False', 'False', 'False', 'False']","['0002664', '0009588', '0001067', '0002858', '0002664', '0001067', '0002664', '0009588', '0002664']"
3134615,"[41, 200, 378, 452, 536, 602, 633, 717, 736, 752, 842, 1067]","[17, 7, 17, 17, 29, 17, 6, 17, 11, 11, 17, 17]","['neurofibromatosis', 'central', 'neurofibromatosis', 'neurofibromatosis', 'central nervous system tumors', 'acoustic neuromas', 'tumors', 'acoustic neuromas', 'Meningiomas', 'ependymomas', 'acoustic neuromas', 'neurofibromatosis']","[1.0, 0.82, 1.0, 1.0, 1.0, 1.0, 0.92, 1.0, 0.98, 0.99, 1.0, 1.0]","['False', 'False', 'False', 'False', 'False', 'False', 'False', 'False', 'False', 'False', 'False', 'False']","['0001067', '0030645', '0001067', '0001067', '0100006', '0009588', '0002664', '0009588', '0002858', '0002888', '0009588', '0001067']"
3180506,"[197, 215, 241, 264, 307, 319, 385, 471, 487, 518, 535]","[16, 24, 21, 19, 10, 12, 26, 14, 26, 15, 23]","['imperforate anus', 'prominent perineal raphe', 'rectoperineal fistula', 'triphalangeal thumb', 'syndactyly', 'clinodactyly', 'sensorineural hearing loss', 'limb anomalies', 'sensorineural hearing loss', 'renal anomalies', 'Anorectal malformations']","[0.55, 0.66, 0.97, 0.89, 0.87, 0.91, 0.95, 0.77, 0.95, 0.98, 0.96]","['False', 'False', 'False', 'False', 'False', 'False', 'False', 'False', 'False', 'False', 'False']","['0002023', '0003246', '0004792', '0001199', '0001159', '0030084', '0000407', '0040064', '0000407', '0000077', '0012732']"
3185841,"[48, 125, 169, 194, 243, 321, 451, 816, 1192, 1303, 1393]","[19, 5, 6, 19, 6, 19, 6, 19, 6, 18, 5]","['acoustic neurinomas', 'tumor', 'tumors', 'acoustic neurinomas', 'tumors', 'acoustic neurinomas', 'tumors', 'acoustic neurinomas', 'tumors', 'acoustic neurinoma', 'tumor']","[0.99, 0.83, 1.0, 0.99, 1.0, 0.99, 1.0, 0.99, 1.0, 1.0, 0.83]","['False', 'False', 'False', 'False', 'False', 'False', 'False', 'False', 'False', 'False', 'False']","['0009588', '0002664', '0002664', '0009588', '0002664', '0009588', '0002664', '0009588', '0002664', '0009588', '0002664']"
3281570,"[19, 102]","[13, 18]","['brachydactyly', 'feet abnormalities']","[0.97, 0.82]","['False', 'False']","['0001156', '0001760']"
3287922,[403],[18],['joint contractures'],[0.95],['False'],['0001371']
3321989,[],[],[],[],[],[]
3321995,"[46, 100, 111, 163, 190, 210, 498, 508, 524, 571, 626, 685, 730]","[18, 9, 14, 25, 14, 23, 8, 14, 14, 16, 25, 18, 14]","['abnormal upper lip', 'cleft lip', 'malformed nose', 'lacrimal duct obstruction', 'malformed ears', 'branchial cleft sinuses', 'coloboma', 'microphthalmia', 'auricular pits', 'dental anomalies', 'Premature graying of hair', 'Growth retardation', 'hand anomalies']","[0.71, 0.62, 0.86, 0.8, 0.67, 0.92, 0.62, 0.9, 0.56, 0.85, 0.81, 0.98, 0.89]","['False', 'False', 'False', 'False', 'False', 'False', 'False', 'False', 'False', 'False', 'False', 'False', 'False']","['0000177', '0000204', '0000366', '0000579', '0000377', '0100272', '0000589', '0000568', '0030025', '0000164', '0002216', '0001510', '0001155']"
3409926,"[260, 328, 463]","[8, 17, 10]","['seizures', 'EEG abnormalities', 'drowsiness']","[0.96, 0.77, 0.88]","['True', 'False', 'True']","['0001250', '0002353', '0002329']"
3547011,"[436, 449, 456, 474, 484, 510, 541, 804, 887, 972, 1027, 1044, 1056, 1121]","[11, 5, 16, 8, 9, 12, 11, 12, 9, 9, 15, 10, 15, 15]","['skin tumors', 'milia', 'epidermoid cysts', 'chalazia', 'comedones', 'plantar pits', 'skin tumors', 'skin cancers', 'comedones', 'neoplasia', 'medulloblastoma', 'meningioma', 'ovarian fibroma', 'cardiac fibroma']","[0.99, 0.98, 0.97, 0.96, 0.66, 0.56, 0.99, 0.99, 0.66, 0.98, 1.0, 1.0, 1.0, 1.0]","['False', 'False', 'False', 'False', 'False', 'False', 'False', 'False', 'False', 'False', 'False', 'False', 'False', 'False']","['0008069', '0001056', '0200040', '0010605', '0025249', '0010612', '0008069', '0008069', '0025249', '0002664', '0002885', '0002858', '0010618', '0010617']"
3585943,[],[],[],[],[],[]
3674117,"[741, 763]","[20, 7]","['hypotonia of infancy', 'obesity']","[0.7, 0.99]","['False', 'False']","['0008947', '0001513']"
3688021,"[103, 123, 299, 353, 531]","[18, 8, 7, 9, 13]","['mental retardation', 'seizures', 'obesity', 'hypotonia', 'hypertelorism']","[0.94, 0.9, 1.0, 0.92, 0.89]","['False', 'False', 'True', 'True', 'False']","['0001249', '0001250', '0001513', '0001252', '0000316']"
3740720,"[154, 246]","[17, 19]","['preauricular pits', 'renal malformations']","[0.57, 0.96]","['False', 'False']","['0004467', '0012210']"
3799714,"[140, 160, 251, 567]","[16, 27, 13, 13]","['renal hypoplasia', 'malformations of the kidney', 'ear anomalies', 'ear anomalies']","[0.99, 0.92, 0.94, 0.94]","['False', 'False', 'False', 'False']","['0000089', '0012210', '0000598', '0000598']"
391043,"[0, 133, 152]","[13, 13, 13]","['Short stature', 'short stature', 'hip dysplasia']","[0.84, 0.88, 0.98]","['False', 'False', 'False']","['0004322', '0004322', '0008807']"
3943073,[],[],[],[],[],[]
4006277,"[101, 111, 134, 147, 288, 311, 346, 500]","[8, 21, 8, 15, 21, 2, 2, 2]","['ear pits', 'branchial cleft cysts', 'deafness', 'renal anomalies', 'gustatory lacrimation', 'GL', 'GL', 'GL']","[0.85, 0.97, 0.98, 0.98, 0.6, 0.6, 0.6, 0.6]","['False', 'False', 'False', 'False', 'False', 'False', 'False', 'False']","['0004467', '0009796', '0000365', '0000077', '0100274', '0100274', '0100274', '0100274']"
509397,"[240, 347, 522, 538]","[29, 18, 11, 11]","['basal cell epithelioma of the', 'facial nerve palsy', 'bradycardia', 'hypotension']","[0.93, 0.96, 0.81, 1.0]","['False', 'False', 'False', 'False']","['0002671', '0010628', '0001662', '0002615']"
6261046,"[286, 331]","[5, 22]","['tumor', 'ventricular arrhythmia']","[1.0, 0.82]","['False', 'False']","['0002664', '0004308']"
657583,"[111, 156, 226, 312, 404, 895, 929, 956]","[2, 26, 15, 15, 26, 13, 22, 16]","['BO', 'external ear malformations', 'renal anomalies', 'renal anomalies', 'external ear malformations', 'Potter facies', 'auricular malformation', 'renal adysplasia']","[1.0, 0.94, 0.99, 0.99, 0.94, 1.0, 0.97, 1.0]","['False', 'False', 'False', 'True', 'False', 'True', 'True', 'True']","['0500001', '0000356', '0000077', '0000077', '0000356', '0002009', '0000377', '0000110']"
6631421,"[36, 85, 124, 478, 503]","[7, 18, 9, 7, 9]","['obesity', 'mental retardation', 'ankylosis', 'obesity', 'ankylosis']","[0.99, 0.82, 0.79, 0.99, 0.79]","['False', 'False', 'False', 'False', 'False']","['0001513', '0001249', '0031013', '0001513', '0031013']"
6741990,"[33, 57, 79, 101, 124, 466]","[22, 16, 20, 17, 23, 23]","['sensorineural deafness', 'imperforate anus', 'rectovaginal fistula', 'hypoplastic thumb', 'congenital heart defect', 'congenital heart defect']","[0.99, 0.88, 0.99, 0.93, 0.99, 0.99]","['False', 'False', 'False', 'False', 'False', 'False']","['0000407', '0002023', '0000143', '0009778', '0001627', '0001627']"
6774282,"[0, 242, 721]","[17, 16, 17]","['Neurofibromatosis', 'acoustic neuroma', 'neurofibromatosis']","[0.95, 1.0, 1.0]","['False', 'False', 'False']","['0001067', '0009588', '0001067']"
6823972,[],[],[],[],[],[]
6829601,"[166, 217, 256]","[25, 14, 29]","['unusual facial appearance', 'microphthalmia', 'nasolacrimal duct obstruction']","[0.93, 0.98, 0.96]","['False', 'False', 'False']","['0001999', '0000568', '0000579']"
6846397,"[124, 134, 236, 294, 372, 460, 571, 581]","[9, 14, 15, 15, 14, 15, 9, 14]","['bilateral', 'renal agenesis', 'renal anomalies', 'oligohydramnios', 'renal agenesis', 'renal anomalies', 'bilateral', 'renal agenesis']","[0.72, 0.99, 0.93, 0.95, 0.99, 0.93, 0.72, 0.99]","['False', 'False', 'False', 'False', 'False', 'False', 'False', 'False']","['0012832', '0000104', '0000077', '0001562', '0000104', '0000077', '0012832', '0000104']"
6859100,"[63, 93, 113, 122]","[26, 16, 3, 26]","['sensorineural hearing loss', 'preauricular pit', 'tag', 'duplication of the ureters']","[0.84, 0.67, 0.82, 0.82]","['False', 'False', 'False', 'False']","['0000407', '0004467', '0010609', '0000073']"
6882181,"[299, 361, 414, 449]","[13, 26, 17, 28]","['hydrocephalus', 'intracranial calcification', 'EEG abnormalities', 'peripheral nervous disorders']","[0.95, 0.64, 0.76, 0.96]","['False', 'False', 'False', 'False']","['0000238', '0002514', '0002353', '0000759']"
6928117,[],[],[],[],[],[]
6964893,"[563, 583, 657, 681, 743, 972, 1277]","[18, 17, 22, 18, 15, 18, 2]","['mixed hearing loss', 'preauricular pits', 'lacrimal duct stenosis', 'branchial fistulas', 'renal anomalies', 'renal malformation', 'BO']","[0.83, 0.73, 0.91, 0.97, 0.98, 0.98, 0.98]","['False', 'False', 'False', 'False', 'False', 'False', 'False']","['0000410', '0004467', '0007678', '0009795', '0000077', '0012210', '0500001']"
6973119,[495],[23],['ankylosis of the stapes'],[0.64],['False'],['0000381']
7039311,"[168, 294, 525, 565, 806, 890, 963, 988, 1005, 1023, 1036, 1051, 1369]","[29, 14, 13, 16, 12, 21, 9, 7, 16, 11, 13, 9, 12]","['congenital joint contractures', 'arthrogryposis', 'camptodactyly', 'foot deformities', 'contractures', 'distal arthrogryposis', 'cleft lip', 'trismus', 'epicanthal folds', 'keratoconus', 'short stature', 'scoliosis', 'contractures']","[0.86, 0.98, 1.0, 1.0, 0.82, 0.81, 0.73, 0.98, 0.88, 0.81, 0.6, 0.86, 0.82]","['False', 'False', 'False', 'False', 'False', 'False', 'False', 'False', 'False', 'False', 'False', 'False', 'False']","['0002803', '0002804', '0012385', '0001760', '0001371', '0005684', '0000204', '0000211', '0000286', '0000563', '0004322', '0002650', '0001371']"
7057963,"[32, 157, 216, 471]","[17, 29, 17, 6]","['acoustic neuromas', 'central nervous system tumors', 'neurofibromatosis', 'tumors']","[1.0, 1.0, 1.0, 0.98]","['False', 'False', 'False', 'False']","['0009588', '0100006', '0001067', '0002664']"
7091188,"[182, 438, 512]","[18, 18, 24]","['mental retardation', 'cerebellar atrophy', 'cerebellar abnormalities']","[0.94, 0.91, 0.62]","['False', 'False', 'False']","['0001249', '0001272', '0001317']"
712760,[],[],[],[],[],[]
7200726,"[32, 68, 98, 261]","[17, 28, 25, 18]","['branchial sinuses', 'postnatal growth retardation', 'unusual facial appearance', 'growth retardation']","[0.59, 0.98, 0.97, 0.8]","['False', 'False', 'False', 'False']","['0100272', '0008897', '0001999', '0001510']"
7246489,"[74, 94, 167]","[18, 8, 17]","['mental retardation', 'epilepsy', 'tongue protrusion']","[0.94, 0.98, 1.0]","['False', 'False', 'False']","['0001249', '0001250', '0010808']"
730159,[59],[15],['basal cell nevi'],[0.98],['False'],['0002671']
7319144,[],[],[],[],[],[]
7417945,[308],[9],['lung cyst'],[1.0],['False'],['0032445']
7446562,"[120, 250, 283, 336, 540]","[18, 8, 16, 27, 14]","['joint contractures', 'clubfeet', 'short in stature', 'delayed carpal ossification', 'arthrogryposis']","[0.97, 0.65, 0.83, 0.57, 0.9]","['False', 'False', 'False', 'False', 'False']","['0001371', '0001762', '0004322', '0001216', '0002804']"
7450780,"[190, 260, 308, 319]","[18, 21, 9, 14]","['mental retardation', 'paroxysms of laughter', 'hypotonia', 'large mandible']","[0.97, 0.98, 0.98, 0.8]","['False', 'False', 'False', 'False']","['0001249', '0000749', '0001252', '0000303']"
7468659,"[68, 403, 474, 661, 754]","[17, 15, 16, 18, 15]","['preauricular pits', 'renal dysplasia', 'preauricular pit', 'hearing impairment', 'renal dysplasia']","[0.63, 1.0, 0.99, 1.0, 1.0]","['False', 'False', 'False', 'False', 'False']","['0004467', '0000110', '0004467', '0000365', '0000110']"
7485365,"[743, 1655, 1753, 1775]","[14, 8, 17, 17]","['lens opacities', 'cataract', 'capsular cataract', 'cortical cataract']","[0.63, 0.99, 0.73, 0.97]","['False', 'False', 'False', 'False']","['0000518', '0000518', '0100017', '0100019']"
7625442,"[372, 409, 424, 437, 456, 480, 550, 578, 974, 1010]","[21, 13, 11, 17, 22, 19, 15, 18, 4, 9]","['hyperactive behaviour', 'brachycephaly', 'macrostomia', 'tongue protrusion', 'mandibular prognathism', 'widely spaced teeth', 'wide based gait', 'mental retardation', 'fits', 'scoliosis']","[0.98, 0.91, 1.0, 1.0, 0.67, 0.85, 0.95, 0.96, 0.93, 0.86]","['False', 'False', 'False', 'False', 'False', 'False', 'False', 'False', 'False', 'False']","['0000752', '0000248', '0000154', '0010808', '0000303', '0000687', '0002136', '0001249', '0001250', '0002650']"
7628117,[],[],[],[],[],[]
7747758,"[471, 509, 529, 692, 801, 822, 849, 1162, 1184]","[22, 10, 11, 22, 11, 13, 11, 10, 22]","['vestibular schwannomas', 'CNS tumors', 'skin tumors', 'Vestibular schwannomas', 'skin tumors', 'spinal tumors', 'meningiomas', 'CNS tumors', 'vestibular schwannomas']","[0.99, 0.99, 1.0, 0.99, 1.0, 1.0, 1.0, 0.99, 0.99]","['False', 'False', 'False', 'False', 'False', 'False', 'False', 'True', 'True']","['0009588', '0100006', '0008069', '0009588', '0008069', '0010302', '0002858', '0100006', '0009588']"
7747785,"[176, 476, 560, 727]","[3, 14, 19, 9]","['eye', 'hemangiomatous', 'Renal malformations', 'hypotonia']","[0.95, 0.82, 0.97, 1.0]","['False', 'False', 'False', 'False']","['0000478', '0007461', '0012210', '0001252']"
7762579,"[110, 292, 374, 723, 737, 815]","[21, 21, 21, 12, 15, 14]","['distal arthrogryposis', 'distal arthrogryposis', 'distal arthrogryposis', 'ectrodactyly', 'biliary atresia', 'arthrogryposis']","[0.95, 0.95, 0.95, 1.0, 1.0, 0.98]","['False', 'False', 'False', 'False', 'False', 'False']","['0005684', '0005684', '0005684', '0100257', '0005912', '0002804']"
7802001,"[840, 1423, 1526, 1585]","[18, 24, 16, 16]","['uniparental disomy', 'hypopigmentation of skin', 'hypopigmentation', 'hypopigmentation']","[0.99, 0.88, 0.94, 0.94]","['True', 'False', 'False', 'False']","['0032382', '0001010', '0001010', '0001010']"
7835901,[],[],[],[],[],[]
7849713,"[111, 185, 201, 305, 346, 931, 986]","[24, 14, 13, 14, 13, 14, 13]","['contiguous gene syndrome', 'Duane syndrome', 'hydrocephalus', 'Duane syndrome', 'hydrocephalus', 'Duane syndrome', 'hydrocephalus']","[0.93, 1.0, 0.99, 1.0, 0.99, 1.0, 0.99]","['False', 'False', 'False', 'False', 'False', 'False', 'False']","['0001466', '0009921', '0000238', '0009921', '0000238', '0009921', '0000238']"
7905534,"[153, 1324]","[18, 18]","['uniparental disomy', 'uniparental disomy']","[1.0, 1.0]","['False', 'False']","['0032382', '0032382']"
7977374,"[0, 148]","[9, 9]","['Club foot', 'club foot']","[0.84, 0.99]","['False', 'False']","['0001762', '0001762']"
8001963,"[127, 245]","[21, 5]","['basal cell carcinomas', 'tumor']","[1.0, 1.0]","['False', 'False']","['0002671', '0002664']"
8042672,"[358, 514, 532, 624, 723, 774]","[21, 12, 33, 21, 21, 11]","['basal cell carcinomas', 'plantar pits', 'calcification of the falx cerebri', 'basal cell carcinomas', 'basal cell carcinomas', 'skin tumors']","[1.0, 0.8, 1.0, 1.0, 1.0, 0.98]","['False', 'False', 'False', 'False', 'False', 'False']","['0002671', '0010612', '0005462', '0002671', '0002671', '0008069']"
8042673,[527],[21],['basal cell carcinomas'],[1.0],['False'],['0002671']
8092198,"[98, 111]","[8, 15]","['deafness', 'renal dysplasia']","[0.99, 1.0]","['False', 'False']","['0000365', '0000110']"
8092199,[71],[18],['hearing impairment'],[0.93],['False'],['0000365']
8102569,[667],[13],['Ewing sarcoma'],[0.98],['True'],['0012254']
8103288,"[118, 228, 274, 417]","[18, 18, 18, 18]","['uniparental disomy', 'mental retardation', 'uniparental disomy', 'uniparental disomy']","[1.0, 0.99, 1.0, 1.0]","['False', 'False', 'False', 'False']","['0032382', '0001249', '0032382', '0032382']"
8145850,"[750, 910]","[9, 9]","['short ear', 'short ear']","[0.65, 0.65]","['False', 'False']","['0400005', '0400005']"
8160736,"[203, 275, 286]","[23, 10, 14]","['branchial abnormalities', 'unilateral', 'renal agenesis']","[0.59, 0.91, 0.93]","['False', 'False', 'False']","['0009794', '0012833', '0000104']"
8317476,[139],[22],['phenotypic abnormality'],[0.87],['True'],['0000118']
8318482,"[207, 810, 870, 942]","[17, 18, 18, 18]","['capsular cataract', 'capsular cataracts', 'cortical cataracts', 'capsular cataracts']","[0.78, 0.9, 0.96, 0.9]","['False', 'True', 'False', 'False']","['0100017', '0100017', '0100019', '0100017']"
8326488,"[293, 485, 500, 522, 600, 610]","[21, 7, 15, 15, 6, 8]","['basal cell carcinomas', 'fibroma', 'medulloblastoma', 'cardiac fibroma', 'squint', 'cataract']","[1.0, 1.0, 1.0, 0.99, 0.93, 0.75]","['False', 'False', 'False', 'False', 'False', 'False']","['0002671', '0010614', '0002885', '0010617', '0000486', '0000518']"
8352281,"[153, 176, 414, 465, 840]","[21, 4, 4, 5, 4]","['basal cell carcinomas', 'BCCs', 'BCCs', 'tumor', 'BCCs']","[0.99, 0.99, 0.99, 1.0, 0.99]","['False', 'False', 'False', 'False', 'False']","['0002671', '0002671', '0002671', '0002664', '0002671']"
8379998,"[108, 515]","[22, 6]","['nervous system tumours', 'tumour']","[0.99, 0.85]","['False', 'False']","['0004375', '0002664']"
8414026,"[87, 149]","[36, 22]","['tumors of the central nervous system', 'vestibular schwannomas']","[0.92, 0.95]","['False', 'False']","['0100006', '0009588']"
8494033,"[140, 416, 531, 547, 1043]","[16, 8, 9, 10, 16]","['Hypopigmentation', 'albinism', 'nystagmus', 'strabismus', 'Hypopigmentation']","[1.0, 0.99, 0.99, 0.9, 1.0]","['False', 'False', 'False', 'False', 'False']","['0001010', '0001022', '0000639', '0000486', '0001010']"
8533848,"[315, 412]","[19, 32]","['cochlear hypoplasia', 'bulbous internal auditory canals']","[0.71, 0.62]","['False', 'False']","['0008586', '0004458']"
8576558,"[15, 320, 334, 352, 420, 668, 824]","[7, 8, 13, 8, 8, 6, 18]","['seizure', 'seizures', 'eye deviation', 'vomiting', 'seizures', 'ataxia', 'abnormal movements']","[0.93, 1.0, 0.99, 0.99, 1.0, 0.7, 0.97]","['False', 'False', 'False', 'False', 'False', 'False', 'False']","['0001250', '0001250', '0000486', '0002013', '0001250', '0010867', '0100660']"
8592325,"[246, 1060]","[21, 21]","['type A1 brachydactyly', 'brachydactyly type A1']","[0.96, 0.7]","['False', 'True']","['0009371', '0009371']"
8658145,"[120, 140, 163, 192, 547, 619]","[7, 21, 4, 6, 3, 5]","['cancers', 'basal cell carcinomas', 'BCCs', 'cancer', 'PTC', 'tumor']","[0.96, 0.99, 0.99, 0.98, 0.58, 1.0]","['False', 'False', 'False', 'False', 'False', 'False']","['0002664', '0002671', '0002671', '0002664', '0002895', '0002664']"
8669439,"[99, 534, 663, 683, 706, 725, 742]","[13, 16, 18, 21, 17, 11, 12]","['ear anomalies', 'imperforate anus', 'epibulbar dermoids', 'hemifacial microsomia', 'preauricular tags', 'macrostomia', 'micrognathia']","[0.69, 0.8, 1.0, 0.92, 0.65, 0.62, 0.78]","['False', 'False', 'False', 'False', 'False', 'False', 'False']","['0000598', '0002023', '0001140', '0011332', '0000384', '0000154', '0000347']"
8681379,"[204, 385, 421, 602, 639]","[6, 5, 3, 3, 6]","['tumors', 'tumor', 'PTC', 'PTC', 'tumors']","[0.93, 1.0, 1.0, 1.0, 0.93]","['False', 'False', 'False', 'False', 'False']","['0002664', '0002664', '0002895', '0002895', '0002664']"
8751853,"[45, 151, 290, 329, 855, 922, 1325, 1701]","[22, 6, 22, 6, 11, 21, 6, 20]","['vestibular schwannomas', 'tumors', 'vestibular schwannomas', 'tumors', 'meningiomas', 'retinal abnormalities', 'tumors', 'epiretinal membranes']","[0.99, 0.97, 0.99, 0.97, 1.0, 0.97, 0.97, 0.95]","['False', 'False', 'True', 'True', 'False', 'False', 'False', 'False']","['0009588', '0002664', '0009588', '0002664', '0002858', '0000479', '0002664', '0100014']"
8755919,[267],[6],['tumors'],[0.94],['False'],['0002664']
8755929,"[76, 99, 117, 422, 971, 991, 1230, 1283]","[21, 16, 16, 6, 18, 23, 6, 9]","['basal cell carcinomas', 'medulloblastomas', 'ovarian fibromas', 'tumors', 'mental retardation', 'conductive hearing loss', 'tumors', 'neoplasms']","[0.99, 1.0, 1.0, 0.83, 0.96, 0.96, 0.83, 0.96]","['False', 'False', 'False', 'False', 'False', 'False', 'False', 'False']","['0002671', '0002885', '0010618', '0002664', '0001249', '0000405', '0002664', '0002664']"
8786067,"[50, 70, 108, 132, 146, 241]","[18, 13, 22, 8, 29, 10]","['mental retardation', 'absent speech', 'inappropriate laughter', 'epilepsy', 'abnormal electroencephalogram', 'deficiency']","[0.84, 0.97, 0.98, 0.6, 0.68, 0.93]","['False', 'False', 'False', 'False', 'False', 'False']","['0001249', '0001344', '0000748', '0001250', '0002353', '0004395']"
8808282,"[85, 126]","[21, 15]","['branchial abnormality', 'renal anomalies']","[0.72, 0.97]","['False', 'False']","['0009794', '0000077']"
8832722,"[57, 89, 108, 217, 249, 302, 367, 396, 436]","[20, 14, 17, 16, 27, 29, 16, 14, 29]","['cleft lip and palate', 'microphthalmos', 'ocular colobomata', 'facial anomalies', 'abnormality of the philtrum', 'nasolacrimal duct obstruction', 'facial anomalies', 'short philtrum', 'nasolacrimal duct obstruction']","[0.89, 0.88, 1.0, 0.7, 0.57, 0.95, 0.7, 0.88, 0.95]","['False', 'False', 'False', 'False', 'False', 'False', 'False', 'False', 'False']","['0000202', '0000568', '0000589', '0001999', '0000288', '0000579', '0001999', '0000322', '0000579']"
8923935,"[42, 65, 131, 242, 301, 560]","[21, 3, 23, 3, 3, 3]","['distal arthrogryposes', 'DAs', 'congenital contractures', 'DAs', 'DAs', 'DAs']","[0.95, 0.95, 0.82, 0.95, 0.95, 0.95]","['False', 'False', 'False', 'False', 'False', 'False']","['0005684', '0005684', '0002803', '0005684', '0005684', '0005684']"
8923936,"[175, 243, 271]","[19, 16, 19]","['overlapping fingers', 'foot deformities', 'talipes equinovarus']","[0.87, 0.79, 0.57]","['False', 'False', 'False']","['0010557', '0001760', '0001762']"
8929945,"[705, 785, 845, 896, 1006, 1062, 1110, 1675, 1730, 1855]","[13, 9, 20, 8, 8, 2, 16, 18, 12, 10]","['Short stature', 'Hypotonia', 'feeding difficulties', 'Epilepsy', 'epilepsy', 'An', 'Hypopigmentation', 'mental retardation', 'abnormal EEG', 'wide mouth']","[0.59, 0.77, 0.8, 0.92, 0.97, 0.78, 1.0, 0.74, 0.66, 0.98]","['True', 'False', 'False', 'False', 'False', 'False', 'False', 'False', 'False', 'False']","['0004322', '0001252', '0011968', '0001250', '0001250', '0000526', '0001010', '0001249', '0002353', '0000154']"
8954778,"[0, 293]","[20, 20]","['Brachydactyly type C', 'brachydactyly type C']","[0.98, 0.97]","['False', 'False']","['0009373', '0009373']"
8981943,[],[],[],[],[],[]
8988171,"[41, 61, 106, 369, 494, 514, 599]","[18, 8, 13, 3, 18, 3, 3]","['mental retardation', 'seizures', 'abnormal gait', 'UPD', 'uniparental disomy', 'UPD', 'UPD']","[0.8, 0.98, 0.96, 1.0, 0.99, 1.0, 1.0]","['False', 'False', 'False', 'False', 'True', 'True', 'True']","['0001249', '0001250', '0001288', '0032382', '0032382', '0032382', '0032382']"
9012416,[129],[23],['congenital contractures'],[0.99],['False'],['0002803']
9024575,"[0, 481, 781, 881, 932, 1274]","[20, 20, 18, 13, 20, 21]","['Brachydactyly type C', 'brachydactyly type C', 'Madelung deformity', 'brachydactyly', 'brachydactyly type C', 'brachydactyly type C.']","[0.86, 0.98, 0.97, 0.75, 0.98, 0.97]","['False', 'False', 'False', 'True', 'False', 'False']","['0009373', '0009373', '0003067', '0001156', '0009373', '0009373']"
9096761,"[142, 218, 647, 952, 1061, 1077, 1108, 1195, 1281, 1329, 1359, 1380, 1402, 1426, 1455, 1520, 1619, 1638, 1660, 1869, 1894, 1923]","[3, 21, 5, 5, 11, 12, 16, 15, 9, 11, 12, 13, 15, 16, 18, 13, 10, 13, 30, 23, 9, 20]","['PTC', 'basal cell carcinomas', 'tumor', 'tumor', 'Palmar pits', 'plantar pits', 'Ovarian fibromas', 'Medulloblastoma', 'cleft lip', 'coarse face', 'macrocephaly', 'hypertelorism', 'frontal bossing', 'pectus deformity', 'Sprengel deformity', 'calcification', 'bifid ribs', 'hemivertebrae', 'fusion of the vertebral bodies', 'short fourth metacarpal', 'scoliosis', 'spina bifida occulta']","[1.0, 0.99, 0.9, 0.9, 0.86, 0.89, 0.99, 1.0, 0.99, 0.97, 0.59, 0.73, 0.68, 0.82, 0.93, 0.68, 0.66, 0.77, 0.84, 0.7, 0.83, 0.97]","['False', 'False', 'False', 'False', 'False', 'False', 'False', 'False', 'False', 'False', 'False', 'False', 'False', 'False', 'False', 'False', 'False', 'False', 'False', 'True', 'True', 'True']","['0002895', '0002671', '0002664', '0002664', '0010610', '0010612', '0010618', '0002885', '0000204', '0000280', '0001355', '0000316', '0002007', '0000766', '0000912', '0003761', '0000892', '0002937', '0002948', '0010044', '0002650', '0003298']"
9096762,"[51, 225, 310, 361, 716, 1226]","[15, 15, 15, 15, 15, 15]","['medulloblastoma', 'medulloblastoma', 'medulloblastoma', 'medulloblastoma', 'medulloblastoma', 'medulloblastoma']","[1.0, 1.0, 1.0, 1.0, 1.0, 1.0]","['False', 'False', 'False', 'False', 'False', 'False']","['0002885', '0002885', '0002885', '0002885', '0002885', '0002885']"
9182785,"[263, 327, 364, 945, 1184, 1235, 1529, 1898]","[23, 14, 8, 13, 15, 8, 7, 11]","['intellectual disability', 'lack of speech', 'epilepsy', 'deep set eyes', 'happy demeanour', 'epilepsy', 'awkward', 'keratoconus']","[0.96, 0.98, 0.98, 0.97, 0.84, 0.98, 0.76, 0.98]","['False', 'False', 'False', 'False', 'False', 'False', 'False', 'False']","['0001249', '0001344', '0001250', '0000490', '0040082', '0001250', '0002312', '0000563']"
9207339,"[139, 1083]","[16, 17]","['malignant tumors', 'neurofibromatosis']","[0.99, 0.85]","['False', 'False']","['0002664', '0001067']"
9225971,"[138, 171, 200, 555]","[22, 24, 10, 5]","['vestibular schwannomas', 'intracranial meningiomas', 'neurinomas', 'tumor']","[0.98, 1.0, 0.99, 1.0]","['False', 'False', 'False', 'False']","['0009588', '0100009', '0100008', '0002664']"
9236523,"[648, 763, 939, 982, 1128, 1157, 1166, 1360, 1422, 1521]","[20, 13, 20, 7, 13, 7, 35, 19, 13, 13]","['facial angiofibromas', 'Angiofibromas', 'cafe au lait macules', 'lipomas', 'angiofibromas', 'lipomas', 'confetti-like hypopigmented macules', 'hyperparathyroidism', 'angiofibromas', 'angiofibromas']","[0.94, 1.0, 0.61, 0.9, 0.85, 0.9, 0.73, 0.99, 0.85, 0.85]","['False', 'False', 'False', 'False', 'False', 'False', 'False', 'False', 'False', 'False']","['0009720', '0010615', '0000957', '0012032', '0010615', '0012032', '0007449', '0000843', '0010615', '0010615']"
9321755,[698],[18],['mental retardation'],[0.99],['False'],['0001249']
9425907,[138],[13],['ear anomalies'],[0.85],['False'],['0000598']
9486718,"[138, 154, 293, 455]","[9, 7, 15, 9]","['exotropia', 'painful', 'plantar pitting', 'exotropia']","[0.95, 1.0, 0.79, 0.95]","['False', 'False', 'False', 'False']","['0000577', '0012531', '0010612', '0000577']"
9546330,"[12, 125, 713, 744, 766, 829, 856, 980, 1013, 1049, 1068, 1083, 1181, 1225, 1324, 1433]","[8, 18, 8, 17, 10, 8, 16, 8, 8, 17, 10, 15, 8, 18, 8, 8]","['epilepsy', 'uniparental disomy', 'epilepsy', 'atypical absences', 'myoclonias', 'seizures', 'Epileptic spasms', 'epilepsy', 'epilepsy', 'atypical absences', 'myoclonias', 'atonic seizures', 'epilepsy', 'uniparental disomy', 'epilepsy', 'epilepsy']","[0.99, 0.99, 0.99, 0.84, 0.89, 1.0, 0.57, 0.99, 0.99, 0.84, 0.89, 1.0, 0.99, 0.99, 0.99, 0.99]","['False', 'False', 'False', 'False', 'False', 'False', 'False', 'True', 'True', 'True', 'True', 'True', 'False', 'False', 'False', 'False']","['0001250', '0032382', '0001250', '0007270', '0001336', '0001250', '0011097', '0001250', '0001250', '0007270', '0001336', '0010819', '0001250', '0032382', '0001250', '0001250']"
9556704,"[111, 1273]","[18, 18]","['mental retardation', 'uniparental disomy']","[0.99, 1.0]","['False', 'False']","['0001249', '0032382']"
9557895,[],[],[],[],[],[]
955942,"[214, 260, 271, 294]","[17, 6, 8, 16]","['mental deficiency', 'ataxia', 'epilepsy', 'infantile spasms']","[0.67, 0.66, 0.89, 1.0]","['False', 'False', 'False', 'False']","['0001249', '0010867', '0001250', '0011097']"
9643284,"[103, 899, 926]","[22, 11, 21]","['vestibular schwannomas', 'CNS tumours', 'vestibular schwannoma']","[0.97, 1.0, 1.0]","['False', 'False', 'False']","['0009588', '0100006', '0009588']"
9808466,"[110, 421]","[9, 8]","['papilloma', 'seizures']","[1.0, 0.8]","['False', 'False']","['0012740', '0001250']"
9811917,"[86, 105, 188, 461, 651, 715, 837, 1039, 1110, 2183]","[17, 22, 5, 17, 5, 5, 5, 5, 6, 17]","['acoustic neuromas', 'vestibular schwannomas', 'tumor', 'acoustic neuromas', 'tumor', 'tumor', 'tumor', 'tumor', 'tumors', 'acoustic neuromas']","[1.0, 1.0, 1.0, 1.0, 1.0, 1.0, 1.0, 1.0, 1.0, 1.0]","['False', 'False', 'False', 'False', 'False', 'False', 'False', 'False', 'False', 'False']","['0009588', '0009588', '0002664', '0009588', '0002664', '0002664', '0002664', '0002664', '0002664', '0009588']"
9831341,"[670, 686, 699]","[11, 7, 10]","['hyperphagia', 'obesity', 'overgrowth']","[0.97, 1.0, 0.9]","['False', 'False', 'False']","['0002591', '0001513', '0001548']"
9863591,"[37, 311, 322, 394, 548, 872, 982]","[22, 10, 22, 7, 6, 7, 21]","['vestibular schwannomas', 'unilateral', 'vestibular schwannomas', 'tumours', 'tumour', 'tumours', 'vestibular schwannoma']","[0.99, 0.57, 0.99, 0.98, 1.0, 0.98, 0.99]","['False', 'False', 'False', 'False', 'True', 'False', 'False']","['0009588', '0012833', '0009588', '0002664', '0002664', '0002664', '0009588']"
9931336,"[184, 239, 705, 734, 809, 953]","[16, 6, 21, 16, 15, 7]","['medulloblastomas', 'tumour', 'basal cell carcinomas', 'medulloblastomas', 'medulloblastoma', 'tumours']","[1.0, 0.92, 1.0, 1.0, 1.0, 0.95]","['False', 'False', 'False', 'False', 'False', 'False']","['0002885', '0002664', '0002671', '0002885', '0002885', '0002664']"
9949213,[],[],[],[],[],[]
998578,"[48, 90, 139, 222, 239, 298, 383, 428, 485]","[17, 16, 17, 13, 14, 12, 14, 17, 15]","['preauricular pits', 'partial deafness', 'preauricular pits', 'Potter facies', 'renal agenesis', 'pneumothorax', 'renal agenesis', 'preauricular pits', 'renal anomalies']","[0.9, 0.9, 0.9, 0.98, 0.98, 0.99, 0.98, 0.9, 0.97]","['False', 'False', 'False', 'False', 'False', 'False', 'False', 'False', 'False']","['0004467', '0000365', '0004467', '0002009', '0000104', '0002107', '0000104', '0004467', '0000077']"
