,Biolink_start,Biolink_end,Biolink_symptoms,Biolink_HPO_codes
0,"[14, 55, 86, 132, 132, 210, 346]","[27, 61, 104, 140, 176, 227, 364]","['Brachydactyly', 'Distal', 'Small nail', 'Proximal', 'Proximal symphalangism of hands', 'Craniosynostosis', 'Autosomal dominant inheritance']","['0001156', '0012839', '0001792', '0012840', '0006152', '0001363', '0000006']"
1,"[35, 148, 148, 163, 186, 177, 202, 224, 246, 344]","[53, 162, 162, 176, 197, 197, 223, 241, 266, 362]","['Autosomal dominant inheritance', 'Abnormality of the outer ear', 'Abnormality of the ear', 'Hearing impairment', 'Polydactyly', 'Preaxial polydactyly', 'Triphalangeal thumb', 'Anal atresia', 'Abnormal renal morphology', 'Intellectual disability']","['0000006', '0000356', '0000598', '0000365', '0010442', '0100258', '0001199', '0002023', '0012210', '0001249']"
2,"[18, 13, 7, 89, 143, 219, 214, 208, 250, 238, 289, 303, 312, 330, 447, 625]","[27, 27, 27, 107, 165, 229, 229, 229, 274, 274, 302, 325, 342, 358, 476, 634]","['Carcinoma', 'Hepatocellular carcinoma', 'Basal cell carcinoma', 'Autosomal dominant inheritance', 'Variable expressivity', 'Carcinoma', 'Hepatocellular carcinoma', 'Basal cell carcinoma', 'Odontogenic keratocysts of the jaw', 'Odontogenic keratocysts of the jaw', 'Plantar pits', 'Abnormality of the skeletal system', 'Abnormality of brain morphology', 'Cerebral calcification', 'Calcification of falx cerebri', 'Frequency']","['0030731', '0001402', '0002671', '0000006', '0003828', '0030731', '0001402', '0002671', '0010603', '0010603', '0010612', '0000924', '0012443', '0002514', '0005462', '0040279']"
3,"[277, 410, 786, 839]","[295, 421, 792, 864]","['Uniparental disomy', 'Mode of inheritance', 'Severe', 'Contiguous gene syndrome']","['0032382', '0000005', '0012828', '0001466']"
4,"[231, 461, 496]","[240, 469, 502]","['Frequency', 'Proximal', 'Distal']","['0040279', '0012840', '0012839']"
5,"[37, 59, 164, 275, 376, 421, 546]","[47, 72, 183, 285, 389, 434, 559]","['Unilateral', 'Cholesteatoma', 'Abnormal renal morphology', 'Unilateral', 'Cholesteatoma', 'Cholesteatoma', 'Cholesteatoma']","['0012833', '0009797', '0012210', '0012833', '0009797', '0009797', '0009797']"
6,"[57, 64, 57, 94, 84, 108, 124, 155, 268, 286, 277, 300, 305, 300, 655, 772]","[63, 83, 83, 107, 107, 119, 135, 162, 276, 295, 295, 304, 324, 324, 667, 776]","['Severe', 'Intellectual disability', 'Intellectual disability, severe', 'Microcephaly', 'Postnatal microcephaly', 'Wide mouth', 'Mandibular prognathia', 'Ataxia', 'Obesity', 'Generalized hypotonia', 'Muscular hypotonia', 'Mild', 'Intellectual disability', 'Intellectual disability, mild', 'Mode of inheritance', 'Mild']","['0012828', '0001249', '0010864', '0000252', '0005484', '0000154', '0000303', '0001251', '0001513', '0001290', '0001252', '0012825', '0001249', '0001256', '0000005', '0012825']"
7,"[0, 53, 95, 119, 135, 191, 205, 355, 378, 393, 496, 549, 564, 796, 826, 928, 968, 1092, 1104, 1219, 1248]","[17, 71, 103, 130, 147, 201, 215, 364, 388, 403, 502, 559, 575, 803, 840, 938, 974, 1103, 1115, 1223, 1265]","['Neurofibromas', 'Autosomal dominant inheritance', 'Affected', 'Schwannoma', 'Meningioma', 'Meningioma', 'Schwannoma', 'Frequency', 'Meningioma', 'Schwannoma', 'Neoplasm', 'Meningioma', 'Schwannoma', 'Neoplasm', 'Family history', 'Meningioma', 'Neoplasm', 'Meningioma', 'Schwannoma', 'Falls', 'Neurofibromas']","['0001067', '0000006', '0032320', '0100008', '0002858', '0002858', '0100008', '0040279', '0002858', '0100008', '0002664', '0002858', '0100008', '0002664', '0032316', '0002858', '0002664', '0002858', '0100008', '0002527', '0001067']"
8,"[10, 0, 45, 208, 219, 208, 239, 233, 249, 370, 548, 583, 631, 625, 708]","[19, 19, 63, 218, 232, 232, 248, 248, 260, 384, 566, 599, 640, 640, 717]","['Pterygium', 'Popliteal pterygium', 'Autosomal dominant inheritance', 'Cleft lip', 'Cleft palate', 'Oral cleft', 'Lip pit', 'Lower lip pit', 'Syndactyly', 'Sporadic', 'Autosomal dominant inheritance', 'Oral cleft', 'Lip pit', 'Lower lip pit', 'Localized']","['0001059', '0009756', '0000006', '0410030', '0000175', '0000202', '0100267', '0000196', '0001159', '0003745', '0000006', '0000202', '0100267', '0000196', '0012838']"
9,"[136, 154, 178, 178, 209, 411, 443, 433, 500, 617, 746, 805, 805, 830, 844, 866]","[153, 173, 191, 191, 217, 420, 447, 447, 505, 626, 760, 810, 810, 843, 861, 875]","['Anal atresia', 'Triphalangeal thumb', 'Abnormality of the outer ear', 'Abnormality of the ear', 'Hearing impairment', 'Recurrent', 'Pain', 'Abdominal pain', 'Edema', 'Affected', 'Short stature', 'Right', 'Left', 'Low-set ears', 'Microretrognathia', 'Hearing impairment']","['0002023', '0001199', '0000356', '0000598', '0000365', '0031796', '0012531', '0002027', '0000969', '0032320', '0004322', '0012834', '0012835', '0000369', '0000308', '0000365']"
10,"[0, 105, 124, 105, 161, 829]","[13, 123, 136, 136, 169, 838]","['Brachydactyly', 'Autosomal dominant inheritance', 'Mode of inheritance', 'Autosomal dominant inheritance', 'Affected', 'Localized']","['0001156', '0000006', '0000005', '0000006', '0032320', '0012838']"
11,"[255, 268, 523, 551, 599]","[267, 281, 550, 560, 615]","['Erythema', 'Premature skin wrinkling', 'Lacrimal duct stenosis', 'Hearing impairment', 'Abnormality of the kidney']","['0010783', '0100678', '0007678', '0000365', '0000077']"
12,"[0, 51, 121, 116, 222, 217, 275, 365, 360, 376, 397, 420, 652, 788, 897, 886, 913, 1016, 1091, 1086, 1155, 1150, 1198, 1242, 1252, 1390, 1385, 1433, 1428]","[11, 68, 127, 127, 228, 228, 292, 371, 371, 387, 411, 437, 659, 795, 908, 908, 925, 1028, 1097, 1097, 1162, 1162, 1215, 1251, 1269, 1396, 1396, 1439, 1439]","['Schwannoma', 'Neurofibromas', 'Neoplasm', 'Neoplasm of the skin', 'Neoplasm', 'Neoplasm of the skin', 'Neurofibromas', 'Neoplasm', 'Neoplasm of the skin', 'Schwannoma', 'Neurofibromas', 'Neurofibromas', 'Neoplasm', 'Neoplasm', 'Schwannoma', 'Vestibular Schwannoma', 'Meningioma', 'Schwannoma', 'Neoplasm', 'Neoplasm of the skin', 'Neoplasm', 'Neoplasm of the skin', 'Neurofibromas', 'Excluded', 'Neurofibromas', 'Neoplasm', 'Neoplasm of the skin', 'Neoplasm', 'Neoplasm of the skin']","['0100008', '0001067', '0002664', '0008069', '0002664', '0008069', '0001067', '0002664', '0008069', '0100008', '0001067', '0001067', '0002664', '0002664', '0100008', '0009588', '0002858', '0100008', '0002664', '0008069', '0002664', '0008069', '0001067', '0040285', '0001067', '0002664', '0008069', '0002664', '0008069']"
13,"[101, 659, 680, 836]","[119, 671, 688, 844]","['Uniparental disomy', 'Microcephaly', 'Frequent', 'Seizures']","['0032382', '0000252', '0040282', '0001250']"
14,"[84, 356]","[93, 366]","['Affected', 'Unaffected']","['0032320', '0032321']"
15,"[24, 32, 41, 32, 78, 85, 118, 134, 151, 151, 180, 185, 199, 216, 228, 283, 304, 304, 577, 577]","[28, 40, 67, 67, 84, 103, 133, 150, 159, 174, 184, 198, 213, 227, 248, 292, 314, 314, 587, 587]","['Mild', 'Moderate', 'Global developmental delay', 'Moderate global developmental delay', 'Severe', 'Neurological speech impairment', 'Happy demeanor', 'Broad-based gait', 'Frequent', 'Recurrent ear infections', 'Mild', 'Hearing impairment', 'Deeply set eye', 'Wide mouth', 'Widely spaced teeth', 'Seizures', 'Acral', 'Peripheral', 'Acral', 'Peripheral']","['0012825', '0012826', '0001263', '0011343', '0012828', '0002167', '0040082', '0002136', '0040282', '0410018', '0012825', '0000365', '0000490', '0000154', '0000687', '0001250', '0025292', '0030646', '0025292', '0030646']"
16,"[65, 108, 217, 309, 298, 355, 612]","[73, 126, 225, 314, 314, 372, 620]","['Sporadic', 'Autosomal dominant inheritance', 'Sporadic', 'Nevus', 'Basal cell carcinoma', 'Craniofacial dysostosis', 'Sporadic']","['0003745', '0000006', '0003745', '0003764', '0002671', '0004439', '0003745']"
17,"[94, 176, 167]","[108, 187, 187]","['White forelock', 'Polydactyly', 'Preaxial polydactyly']","['0002211', '0010442', '0100258']"
18,"[20, 73, 103, 444, 588, 746, 930, 1085]","[33, 91, 114, 457, 602, 759, 943, 1099]","['Brachydactyly', 'Autosomal dominant inheritance', 'Mode of inheritance', 'Brachydactyly', 'Heterogeneous', 'Brachydactyly', 'Brachydactyly', 'Heterogeneous']","['0001156', '0000006', '0000005', '0001156', '0001425', '0001156', '0001156', '0001425']"
19,"[18, 13, 7, 70, 89, 70, 188, 354, 483, 666, 712, 738, 733, 727, 819, 814, 808, 942, 1003]","[27, 27, 27, 88, 101, 101, 202, 363, 490, 674, 719, 748, 748, 748, 829, 829, 829, 950, 1010]","['Carcinoma', 'Hepatocellular carcinoma', 'Basal cell carcinoma', 'Autosomal dominant inheritance', 'Mode of inheritance', 'Autosomal dominant inheritance', 'Family history', 'Skin tags', 'Papule', 'Papule', 'Papule', 'Carcinoma', 'Hepatocellular carcinoma', 'Basal cell carcinoma', 'Carcinoma', 'Hepatocellular carcinoma', 'Basal cell carcinoma', 'Affected', 'Neoplasm']","['0030731', '0001402', '0002671', '0000006', '0000005', '0000006', '0032316', '0010609', '0200034', '0200034', '0200034', '0030731', '0001402', '0002671', '0030731', '0001402', '0002671', '0032320', '0002664']"
20,"[36, 66, 61, 55, 107, 214, 361]","[44, 75, 75, 75, 116, 223, 369]","['Affected', 'Carcinoma', 'Hepatocellular carcinoma', 'Basal cell carcinoma', 'Bilateral', 'Bilateral', 'Affected']","['0032320', '0030731', '0001402', '0002671', '0012832', '0012832', '0032320']"
21,"[125, 275, 502]","[142, 287, 513]","['Neurofibromas', 'Schwannoma', 'Schwannoma']","['0001067', '0100008', '0100008']"
22,"[828, 851, 892, 892, 928, 959]","[843, 866, 898, 917, 947, 972]","['Cerebral palsy', 'Encephalopathy', 'Autism', 'Autistic behavior', 'Global developmental delay', 'Mitochondrial inheritance']","['0100021', '0001298', '0000717', '0000729', '0001263', '0001427']"
23,"[111, 106, 100, 255, 250, 244, 286, 498, 493, 487, 779, 774, 768, 892, 990, 985, 979, 1022, 1100, 1168, 1210, 1290, 1285, 1279, 1377, 1372, 1366, 1437, 1432, 1426, 1634, 1644, 1665, 1660, 1654, 1809, 1804, 1798, 1851, 1974, 1993, 2070, 2065, 2059, 2254, 2249, 2243, 2312, 2307, 2301]","[120, 120, 120, 264, 264, 264, 294, 507, 507, 507, 788, 788, 788, 906, 1000, 1000, 1000, 1037, 1111, 1189, 1219, 1299, 1299, 1299, 1387, 1387, 1387, 1446, 1446, 1446, 1643, 1653, 1674, 1674, 1674, 1818, 1818, 1818, 1857, 1992, 1999, 2080, 2080, 2080, 2264, 2264, 2264, 2321, 2321, 2321]","['Carcinoma', 'Hepatocellular carcinoma', 'Basal cell carcinoma', 'Carcinoma', 'Hepatocellular carcinoma', 'Basal cell carcinoma', 'Neoplasm', 'Carcinoma', 'Hepatocellular carcinoma', 'Basal cell carcinoma', 'Carcinoma', 'Hepatocellular carcinoma', 'Basal cell carcinoma', 'Family history', 'Carcinoma', 'Hepatocellular carcinoma', 'Basal cell carcinoma', 'Frontal bossing', 'Palmar pits', 'Ectopic calcification', 'Bifid ribs', 'Carcinoma', 'Hepatocellular carcinoma', 'Basal cell carcinoma', 'Carcinoma', 'Hepatocellular carcinoma', 'Basal cell carcinoma', 'Carcinoma', 'Hepatocellular carcinoma', 'Basal cell carcinoma', 'Localized', 'Recurrent', 'Carcinoma', 'Hepatocellular carcinoma', 'Basal cell carcinoma', 'Carcinoma', 'Hepatocellular carcinoma', 'Basal cell carcinoma', 'Stable', 'Autosomal dominant inheritance', 'Neoplasm', 'Carcinoma', 'Hepatocellular carcinoma', 'Basal cell carcinoma', 'Carcinoma', 'Hepatocellular carcinoma', 'Basal cell carcinoma', 'Carcinoma', 'Hepatocellular carcinoma', 'Basal cell carcinoma']","['0030731', '0001402', '0002671', '0030731', '0001402', '0002671', '0002664', '0030731', '0001402', '0002671', '0030731', '0001402', '0002671', '0032316', '0030731', '0001402', '0002671', '0002007', '0010610', '0010766', '0000892', '0030731', '0001402', '0002671', '0030731', '0001402', '0002671', '0030731', '0001402', '0002671', '0012838', '0031796', '0030731', '0001402', '0002671', '0030731', '0001402', '0002671', '0031915', '0000006', '0002664', '0030731', '0001402', '0002671', '0030731', '0001402', '0002671', '0030731', '0001402', '0002671']"
24,"[34, 91]","[51, 105]","['Neurofibromas', 'Mononeuropathy']","['0001067', '0009831']"
25,"[0, 77, 256, 536]","[13, 108, 267, 544]","['Brachydactyly', 'Aplasia of the middle phalanx of the hand', 'Mode of inheritance', 'Affected']","['0001156', '0010239', '0000005', '0032320']"
26,"[49, 67, 87, 124, 110, 153, 394, 455, 508, 585, 637, 644, 864]","[66, 82, 104, 137, 137, 162, 402, 472, 526, 609, 643, 661, 882]","['Anal atresia', 'Abnormality of the hand', 'Abnormality of the pinna', 'Hearing impairment', 'Sensorineural hearing impairment', 'Sporadic', 'Affected', 'Abnormal heart morphology', 'Truncus arteriosus', 'Pulmonary valve atresia', 'Severe', 'Abnormal heart morphology', 'Short thumb']","['0002023', '0001155', '0000377', '0000365', '0000407', '0003745', '0032320', '0001627', '0001660', '0010882', '0012828', '0001627', '0009778']"
27,"[28, 257, 513, 520, 547, 567, 547, 576, 728, 803, 817, 839, 1077, 1350, 1662, 1769]","[34, 275, 519, 539, 566, 575, 575, 594, 735, 816, 834, 848, 1086, 1358, 1671, 1776]","['Severe', 'Uniparental disomy', 'Severe', 'Global developmental delay', 'Intellectual disability', 'Profound', 'Intellectual disability, profound', 'Neurological speech impairment', 'Affected', 'Microcephaly', 'Hypopigmentation of the skin', 'Seizures', 'Seizures', 'Sporadic', 'Affected', 'Seizures']","['0012828', '0032382', '0012828', '0001263', '0001249', '0012829', '0002187', '0002167', '0032320', '0000252', '0001010', '0001250', '0001250', '0003745', '0032320', '0001250']"
28,"[45, 38, 193, 345, 380]","[59, 59, 206, 358, 398]","['Brachydactyly', 'Type C brachydactyly', 'Brachydactyly', 'Brachydactyly', 'Autosomal dominant inheritance']","['0001156', '0009373', '0001156', '0001156', '0000006']"
29,"[257, 753]","[264, 761]","['Autism', 'Proximal']","['0000717', '0012840']"
30,"[0, 79, 101, 90, 79, 179, 253, 276, 298, 287, 276, 370, 370, 415, 555, 618, 686, 722, 822, 947, 1039, 1131, 1120, 1228, 1217, 1309, 1331, 1320, 1309, 1376, 1433, 1508, 1536, 1650, 1733, 1826]","[17, 89, 111, 111, 111, 188, 258, 286, 309, 309, 309, 380, 380, 421, 561, 624, 692, 729, 829, 964, 1050, 1141, 1141, 1238, 1238, 1319, 1342, 1342, 1342, 1385, 1441, 1514, 1543, 1658, 1739, 1834]","['Neurofibromas', 'Unilateral', 'Schwannoma', 'Vestibular Schwannoma', 'Unilateral vestibular Schwannoma', 'Bilateral', 'Onset', 'Unilateral', 'Schwannoma', 'Vestibular Schwannoma', 'Unilateral vestibular Schwannoma', 'Acral', 'Peripheral', 'Neoplasm', 'Neoplasm', 'Neoplasm', 'Neoplasm', 'Neoplasm', 'Neoplasm', 'Somatic mosaicism', 'Meningioma', 'Schwannoma', 'Vestibular Schwannoma', 'Schwannoma', 'Vestibular Schwannoma', 'Unilateral', 'Schwannoma', 'Vestibular Schwannoma', 'Unilateral vestibular Schwannoma', 'Bilateral', 'Neoplasm', 'Neoplasm', 'Excluded', 'Neoplasm', 'Neoplasm', 'Affected']","['0001067', '0012833', '0100008', '0009588', '0009590', '0012832', '0003674', '0012833', '0100008', '0009588', '0009590', '0025292', '0030646', '0002664', '0002664', '0002664', '0002664', '0002664', '0002664', '0001442', '0002858', '0100008', '0009588', '0100008', '0009588', '0012833', '0100008', '0009588', '0009590', '0012832', '0002664', '0002664', '0040285', '0002664', '0002664', '0032320']"
31,"[17, 43, 121, 250]","[34, 48, 144, 273]","['Neurofibromas', 'Neoplasm', 'Malignant mesothelioma', 'Malignant mesothelioma']","['0001067', '0002664', '0100001', '0100001']"
32,"[490, 490, 517, 543, 594, 625, 615, 740, 885, 1041, 1097]","[508, 513, 526, 552, 603, 634, 634, 758, 893, 1049, 1105]","['Autosomal dominant inheritance', 'Autosomal dominant inheritance', 'Cleft lip', 'Lip pit', 'Cleft lip', 'Pterygium', 'Popliteal pterygium', 'Abnormality of the genital system', 'Affected', 'Affected', 'Affected']","['0000006', '0000006', '0410030', '0100267', '0410030', '0001059', '0009756', '0000078', '0032320', '0032320', '0032320']"
33,"[86, 318, 305, 600, 640, 1362, 1349]","[103, 330, 330, 611, 651, 1375, 1375]","['Neurofibromas', 'Meningioma', 'Intracranial meningioma', 'Meningioma', 'Meningioma', 'Meningioma', 'Intracranial meningioma']","['0001067', '0002858', '0100009', '0002858', '0002858', '0002858', '0100009']"
34,"[277, 296]","[295, 309]","['Autosomal dominant inheritance', 'Brachydactyly']","['0000006', '0001156']"
35,"[0, 74, 103, 563, 587, 681]","[13, 92, 115, 576, 595, 689]","['Brachydactyly', 'Autosomal dominant inheritance', 'Mode of inheritance', 'Heterogeneous', 'Affected', 'Affected']","['0001156', '0000006', '0000005', '0001425', '0032320', '0032320']"
36,"[55, 84, 322, 314]","[73, 91, 336, 336]","['Autosomal dominant inheritance', 'Affected', 'Heterogeneous', 'Heterogeneous']","['0000006', '0032320', '0001425', '0001425']"
37,"[46, 221, 242, 231, 221, 482, 503, 492, 482, 734, 905, 1268, 1289, 1278, 1268, 1352]","[63, 230, 254, 254, 254, 491, 515, 515, 515, 748, 922, 1277, 1300, 1300, 1300, 1366]","['Neurofibromas', 'Bilateral', 'Schwannoma', 'Vestibular Schwannoma', 'Bilateral vestibular Schwannoma', 'Bilateral', 'Schwannoma', 'Vestibular Schwannoma', 'Bilateral vestibular Schwannoma', 'Family history', 'Neurofibromas', 'Bilateral', 'Schwannoma', 'Vestibular Schwannoma', 'Bilateral vestibular Schwannoma', 'Family history']","['0001067', '0012832', '0100008', '0009588', '0009589', '0012832', '0100008', '0009588', '0009589', '0032316', '0001067', '0012832', '0100008', '0009588', '0009589', '0032316']"
38,"[150, 144, 183, 265, 296, 306, 340, 350, 340, 425, 542, 571, 581]","[162, 162, 204, 274, 305, 331, 349, 365, 365, 433, 566, 580, 599]","['Hearing impairment', 'Mixed hearing impairment', 'Cochlear malformation', 'Bilateral', 'Bilateral', 'Branchial fistula', 'Bilateral', 'Renal dysplasia', 'Bilateral renal dysplasia', 'Affected', 'Branchial fistula', 'Bilateral', 'Polycystic kidney dysplasia']","['0000365', '0000410', '0008554', '0012832', '0012832', '0009795', '0012832', '0000110', '0012582', '0032320', '0009795', '0012832', '0000113']"
39,"[389, 829, 863, 870, 919, 947, 988, 1102, 1120, 1157, 1481, 1981, 1991, 2006]","[402, 852, 869, 879, 932, 960, 1000, 1115, 1137, 1162, 1494, 1990, 2005, 2020]","['Brachydactyly', 'Abnormality of the skeletal system', 'Severe', 'Bilateral', 'Hip dysplasia', 'Short stature', 'Unaffected', 'Spondylolysis', 'Spondylolisthesis', 'Axial', 'Heterogeneous', 'Talipes equinovarus', 'Short stature', 'Spondylolysis']","['0001156', '0000924', '0012828', '0012832', '0001385', '0004322', '0032321', '0003304', '0003302', '0025287', '0001425', '0001762', '0004322', '0003304']"
40,"[4, 11, 4, 94, 83, 74, 478]","[10, 25, 25, 106, 106, 106, 492]","['Distal', 'Arthrogryposis multiplex congenita', 'Distal arthrogryposis', 'Flexion contracture', 'Congenital contracture', 'Arthrogryposis multiplex congenita', 'Heterogeneous']","['0012839', '0002804', '0005684', '0001371', '0002803', '0002804', '0001425']"
41,"[111, 173]","[144, 206]","['Calcification of falx cerebri', 'Dysplastic corpus callosum']","['0005462', '0006989']"
42,"[95, 84, 126, 156, 163, 230, 247, 276, 533, 522, 607, 596, 777, 766]","[103, 103, 138, 162, 172, 235, 260, 310, 541, 541, 615, 615, 784, 784]","['Colitis', 'Ulcerative colitis', 'Bloody diarrhea', 'Severe', 'Scoliosis', 'Nevus', 'Plantar pits', 'Calcification of falx cerebri', 'Colitis', 'Ulcerative colitis', 'Colitis', 'Ulcerative colitis', 'Colitis', 'Ulcerative colitis']","['0002583', '0100279', '0025085', '0012828', '0002650', '0003764', '0010612', '0005462', '0002583', '0100279', '0002583', '0100279', '0002583', '0100279']"
43,"[40, 106, 310, 302, 474]","[58, 115, 323, 323, 492]","['Autosomal dominant inheritance', 'Affected', 'Heterogeneous', 'Heterogeneous', 'Autosomal dominant inheritance']","['0000006', '0032320', '0001425', '0001425', '0000006']"
44,"[57, 130, 142, 177, 197, 316, 382, 496]","[75, 141, 151, 196, 224, 323, 393, 504]","['Autosomal dominant inheritance', 'Carcinoma', 'Recurrent', 'Abnormality of the skeletal system', 'Cerebral calcification', 'Ameliorated by', 'Carcinoma', 'Position']","['0000006', '0030731', '0031796', '0000924', '0002514', '0025254', '0030731', '0012830']"
45,"[22, 81, 76, 70, 113, 105, 127, 195, 325, 393, 413, 408, 402, 449, 444, 438, 486, 478, 573, 593, 588, 582, 625, 869, 955]","[40, 91, 91, 91, 122, 122, 144, 202, 330, 401, 424, 424, 424, 460, 460, 460, 493, 493, 581, 603, 603, 603, 631, 876, 960]","['Autosomal dominant inheritance', 'Carcinoma', 'Hepatocellular carcinoma', 'Basal cell carcinoma', 'Fibroma', 'Ovarian fibroma', 'Medulloblastoma', 'Neoplasm', 'Neoplasm', 'Sporadic', 'Carcinoma', 'Hepatocellular carcinoma', 'Basal cell carcinoma', 'Carcinoma', 'Hepatocellular carcinoma', 'Basal cell carcinoma', 'Fibroma', 'Ovarian fibroma', 'Sporadic', 'Carcinoma', 'Hepatocellular carcinoma', 'Basal cell carcinoma', 'Neoplasm', 'Neoplasm', 'Neoplasm']","['0000006', '0030731', '0001402', '0002671', '0010614', '0010618', '0002885', '0002664', '0002664', '0003745', '0030731', '0001402', '0002671', '0030731', '0001402', '0002671', '0010614', '0010618', '0003745', '0030731', '0001402', '0002671', '0002664', '0002664', '0002664']"
46,"[0, 223, 306, 1041]","[18, 241, 324, 1059]","['Uniparental disomy', 'Uniparental disomy', 'Uniparental disomy', 'Uniparental disomy']","['0032382', '0032382', '0032382', '0032382']"
47,"[218, 210, 336, 640, 660, 640]","[229, 229, 345, 659, 671, 671]","['Mode of inheritance', 'Mode of inheritance', 'Upper limb undergrowth', 'Autosomal recessive inheritance', 'Mode of inheritance', 'Autosomal recessive inheritance']","['0000005', '0000005', '0009824', '0000007', '0000005', '0000007']"
48,"[298, 348, 497, 516, 497, 727, 856]","[317, 356, 515, 527, 527, 738, 865]","['Uniparental disomy', 'Sporadic', 'Autosomal dominant inheritance', 'Mode of inheritance', 'Autosomal dominant inheritance', 'Mode of inheritance', 'Excluded']","['0032382', '0003745', '0000006', '0000005', '0000006', '0000005', '0040285']"
49,"[68, 126, 881, 939, 987, 1016, 1128, 1141]","[86, 134, 889, 943, 993, 1020, 1136, 1147]","['Intellectual disability', 'Proximal', 'Proximal', 'Falls', 'Distal', 'Falls', 'Proximal', 'Distal']","['0001249', '0012840', '0012840', '0002527', '0012839', '0002527', '0012840', '0012839']"
50,"[113, 136, 198, 467, 489, 530, 707, 764, 783]","[128, 152, 219, 484, 498, 539, 722, 782, 806]","['Oligohydramnios', 'Renal hypoplasia', 'Pulmonary hypoplasia', 'Renal hypoplasia', 'Frequency', 'Recurrent', 'Family history', 'Preauricular pit', 'Lacrimal duct stenosis']","['0001562', '0000089', '0002089', '0000089', '0040279', '0031796', '0032316', '0004467', '0007678']"
51,"[35, 54, 75, 89, 75, 112, 472, 562, 562]","[44, 64, 81, 96, 111, 130, 481, 572, 572]","['Bilateral', 'Schwannoma', 'Neoplasm', 'Central', 'Neoplasm of the central nervous system', 'Neurofibromas', 'Schwannoma', 'Acral', 'Peripheral']","['0012832', '0100008', '0002664', '0030645', '0100006', '0001067', '0100008', '0025292', '0030646']"
52,[189],[207],['Nasal speech'],['0001611']
53,"[53, 42, 292, 319, 348, 339, 386, 377, 399, 445, 488, 477, 516, 511, 505, 873, 1145, 1221]","[58, 58, 318, 338, 376, 376, 398, 398, 416, 457, 493, 493, 526, 526, 526, 881, 1154, 1228]","['Nevus', 'Basal cell carcinoma', 'Bridged sella turcica', 'Parietal bossing', 'Slanting of the palpebral fissure', 'Downslanted palpebral fissures', 'Mandibular prognathia', 'Mandibular prognathia', 'Pectus excavatum', 'Spina bifida', 'Nevus', 'Basal cell carcinoma', 'Carcinoma', 'Hepatocellular carcinoma', 'Basal cell carcinoma', 'Proximal', 'Bilateral', 'Healthy']","['0003764', '0002671', '0005449', '0000242', '0200006', '0000494', '0000303', '0000303', '0000767', '0002414', '0003764', '0002671', '0030731', '0001402', '0002671', '0012840', '0012832', '0032322']"
54,[32],[48],['Abnormality of the kidney'],['0000077']
55,"[0, 115, 572, 745, 750]","[13, 141, 580, 749, 779]","['Brachydactyly', 'Finger hyperphalangy', 'Position', 'Mild', 'Short metacarpal']","['0001156', '0030367', '0012830', '0012825', '0010049']"
56,"[32, 65, 133, 197, 216, 250, 353]","[50, 72, 152, 215, 237, 266, 362]","['Autosomal dominant inheritance', 'Affected', 'Hearing impairment', 'Preauricular pit', 'Branchial sinus', 'Abnormality of the kidney', 'Localized']","['0000006', '0032320', '0000365', '0004467', '0100272', '0000077', '0012838']"
57,"[39, 375, 394, 375, 610, 603, 882, 892, 913, 902, 892, 979, 1004, 1052, 1133]","[56, 393, 405, 405, 615, 615, 887, 901, 924, 924, 924, 984, 1012, 1056, 1141]","['Neurofibromas', 'Autosomal dominant inheritance', 'Mode of inheritance', 'Autosomal dominant inheritance', 'Onset', 'Onset', 'Onset', 'Bilateral', 'Schwannoma', 'Vestibular Schwannoma', 'Bilateral vestibular Schwannoma', 'Onset', 'Neoplasm', 'Falls', 'Severity']","['0001067', '0000006', '0000005', '0000006', '0003674', '0003674', '0003674', '0012832', '0100008', '0009588', '0009589', '0003674', '0002664', '0002527', '0012824']"
58,"[36, 29, 96, 155, 148, 293, 282, 315, 305, 333, 357, 623, 639, 729, 742, 776, 765, 1036]","[41, 41, 113, 160, 160, 304, 304, 324, 324, 345, 365, 635, 647, 737, 748, 787, 787, 1049]","['Onset', 'Onset', 'Neurofibromas', 'Onset', 'Onset', 'Schwannoma', 'Vestibular Schwannoma', 'Neuroma', 'Vestibular Schwannoma', 'Meningioma', 'Neoplasm', 'Cataract', 'Cataract', 'Severity', 'Neoplasm', 'Schwannoma', 'Vestibular Schwannoma', 'Heterogeneous']","['0003674', '0003674', '0001067', '0003674', '0003674', '0100008', '0009588', '0030430', '0009588', '0002858', '0002664', '0000518', '0000518', '0012824', '0002664', '0100008', '0009588', '0001425']"
59,"[30, 23, 89, 137, 130, 278, 267, 300, 290, 318, 341, 427, 449, 427, 485, 513, 551, 653, 676, 710, 736, 912, 1002, 1018, 1037, 1134, 1206, 1219]","[35, 35, 106, 142, 142, 289, 289, 309, 309, 329, 349, 435, 459, 459, 493, 521, 566, 661, 683, 718, 745, 919, 1014, 1027, 1049, 1152, 1214, 1225]","['Onset', 'Onset', 'Neurofibromas', 'Onset', 'Onset', 'Schwannoma', 'Vestibular Schwannoma', 'Neuroma', 'Vestibular Schwannoma', 'Meningioma', 'Neoplasm', 'Hearing impairment', 'Unilateral', 'Unilateral deafness', 'Hearing impairment', 'Tinnitus', 'Muscle weakness', 'Seizures', 'Vertigo', 'Paresthesia', 'Blindness', 'Neoplasm', 'Cataract', 'Cataract', 'Age of death', 'Neurofibromas', 'Severity', 'Neoplasm']","['0003674', '0003674', '0001067', '0003674', '0003674', '0100008', '0009588', '0030430', '0009588', '0002858', '0002664', '0000365', '0012833', '0009900', '0000365', '0000360', '0001324', '0001250', '0002321', '0003401', '0000618', '0002664', '0000518', '0000518', '0011420', '0001067', '0012824', '0002664']"
60,"[4, 80, 181, 190, 424, 509, 581, 618, 609, 628, 641, 726, 952, 972, 963, 1162, 1191, 1285, 1303, 1294, 1487]","[21, 85, 189, 196, 430, 514, 589, 627, 627, 640, 653, 732, 959, 979, 979, 1170, 1200, 1293, 1310, 1310, 1494]","['Neurofibromas', 'Neoplasm', 'Sporadic', 'Neoplasm', 'Neoplasm', 'Neoplasm', 'Sporadic', 'Neuroma', 'Vestibular Schwannoma', 'Meningioma', 'Schwannoma', 'Neoplasm', 'Neoplasm', 'Neuroma', 'Vestibular Schwannoma', 'Proximal', 'Localized', 'Sporadic', 'Neuroma', 'Vestibular Schwannoma', 'Neoplasm']","['0001067', '0002664', '0003745', '0002664', '0002664', '0002664', '0003745', '0030430', '0009588', '0002858', '0100008', '0002664', '0002664', '0030430', '0009588', '0012840', '0012838', '0003745', '0030430', '0009588', '0002664']"
61,"[0, 37, 112, 101, 134, 134, 193, 186, 206, 252, 273, 262, 252, 362, 1064, 1056]","[17, 55, 123, 123, 140, 163, 205, 205, 218, 261, 284, 284, 284, 379, 1078, 1078]","['Neurofibromas', 'Autosomal dominant inheritance', 'Schwannoma', 'Vestibular Schwannoma', 'Neoplasm', 'Neoplasm of the nervous system', 'Meningioma', 'Spinal meningioma', 'Schwannoma', 'Bilateral', 'Schwannoma', 'Vestibular Schwannoma', 'Bilateral vestibular Schwannoma', 'Neurofibromas', 'Heterogeneous', 'Heterogeneous']","['0001067', '0000006', '0100008', '0009588', '0002664', '0004375', '0002858', '0100010', '0100008', '0012832', '0100008', '0009588', '0009589', '0001067', '0001425', '0001425']"
62,"[143, 214, 243, 345, 593, 622, 656, 705, 747, 752, 804, 950]","[162, 222, 251, 353, 601, 628, 666, 720, 751, 768, 810, 957]","['Uniparental disomy', 'Frequent', 'Sporadic', 'Affected', 'Affected', 'Severe', 'Spasticity', 'Cerebral palsy', 'Mild', 'Cerebral atrophy', 'Severe', 'Excluded']","['0032382', '0040282', '0003745', '0032320', '0032320', '0012828', '0001257', '0100021', '0012825', '0002059', '0012828', '0040285']"
63,"[0, 32, 84, 177, 283, 370, 364, 459, 453, 819, 806, 832, 851, 851, 868, 862, 970, 1012, 1173, 1160, 1196, 1189, 1379, 1366, 1392, 1411, 1411, 1428, 1422]","[17, 50, 90, 183, 291, 377, 377, 465, 465, 831, 831, 846, 861, 861, 875, 875, 987, 1018, 1184, 1184, 1203, 1203, 1391, 1391, 1406, 1421, 1421, 1435, 1435]","['Neurofibromas', 'Autosomal dominant inheritance', 'Neoplasm', 'Neoplasm', 'Severity', 'Neoplasm', 'Neuroma', 'Neoplasm', 'Neuroma', 'Meningioma', 'Intracranial meningioma', 'Spinal cord tumor', 'Acral', 'Peripheral', 'Neoplasm', 'Neuroma', 'Somatic mosaicism', 'Neoplasm', 'Meningioma', 'Intracranial meningioma', 'Neoplasm', 'Spinal cord tumor', 'Meningioma', 'Intracranial meningioma', 'Spinal cord tumor', 'Acral', 'Peripheral', 'Neoplasm', 'Neuroma']","['0001067', '0000006', '0002664', '0002664', '0012824', '0002664', '0030430', '0002664', '0030430', '0002858', '0100009', '0010302', '0025292', '0030646', '0002664', '0030430', '0001442', '0002664', '0002858', '0100009', '0002664', '0010302', '0002858', '0100009', '0010302', '0025292', '0030646', '0002664', '0030430']"
64,"[531, 1162]","[548, 1180]","['Somatic mosaicism', 'Intellectual disability']","['0001442', '0001249']"
65,"[83, 900, 912, 1241, 1351, 1382, 1401]","[101, 908, 930, 1250, 1360, 1395, 1407]","['Uniparental disomy', 'Severity', 'Neurological speech impairment', 'Generalized hypotonia', 'Seizures', 'Microcephaly', 'Ataxia']","['0032382', '0012824', '0002167', '0001290', '0001250', '0000252', '0001251']"
66,"[182, 182, 225, 225, 238, 274, 307, 307, 458, 458, 553, 553, 584, 665, 673, 820, 877]","[186, 186, 229, 229, 250, 297, 312, 312, 463, 463, 557, 557, 593, 669, 679, 833, 886]","['Right', 'Left', 'Right', 'Left', 'Dermoid cyst', 'Branchial fistula', 'Right', 'Left', 'Right', 'Left', 'Right', 'Left', 'Hamartoma', 'Mild', 'Severe', 'Dermoid cyst', 'Hamartoma']","['0012834', '0012835', '0012834', '0012835', '0025247', '0009795', '0012834', '0012835', '0012834', '0012835', '0012834', '0012835', '0010566', '0012825', '0012828', '0025247', '0010566']"
67,"[18, 49, 149, 251]","[36, 62, 158, 263]","['Autosomal dominant inheritance', 'Brachydactyly', 'Affected', 'Cupped ear']","['0000006', '0001156', '0032320', '0000378']"
68,"[0, 117, 501, 494, 553, 540, 603, 752, 1103]","[17, 125, 506, 506, 565, 565, 611, 758, 1111]","['Neurofibromas', 'Severity', 'Onset', 'Onset', 'Meningioma', 'Intracranial meningioma', 'Severity', 'Severe', 'Neoplasm']","['0001067', '0012824', '0003674', '0003674', '0002858', '0100009', '0012824', '0012828', '0002664']"
69,"[241, 314, 314]","[259, 333, 338]","['Autosomal dominant inheritance', 'Autosomal recessive inheritance', 'Autosomal recessive inheritance']","['0000006', '0000007', '0000007']"
70,"[67, 74, 67, 94, 262, 372, 523, 647, 656, 666, 772, 784, 824, 839, 880, 907, 929, 922, 955, 964, 978, 1018, 1115, 1157, 1176, 1237, 1248, 1351, 1359, 1372, 1469, 1480, 1675, 1688, 1785, 1805, 1861, 1875, 1993, 2284, 2292, 2317]","[73, 93, 93, 110, 270, 380, 531, 655, 665, 674, 783, 793, 833, 846, 889, 916, 934, 934, 963, 974, 983, 1036, 1124, 1166, 1183, 1247, 1256, 1358, 1368, 1379, 1479, 1489, 1683, 1698, 1793, 1810, 1868, 1884, 2003, 2291, 2304, 2326]","['Severe', 'Intellectual disability', 'Intellectual disability, severe', 'Neurological speech impairment', 'Seizures', 'Seizures', 'Seizures', 'Seizures', 'Severity', 'Seizures', 'Generalized', 'Seizures', 'Seizures', 'Seizures', 'Myoclonus', 'Seizures', 'Onset', 'Onset', 'Seizures', 'Aggravated by', 'Fever', 'Status epilepticus', 'Seizures', 'Seizures', 'Seizures', 'Refractory', 'Seizures', 'Seizures', 'Frequency', 'Seizures', 'Refractory', 'Seizures', 'Seizures', 'Aggravated by', 'Seizures', 'Onset', 'Seizures', 'Severity', 'Refractory', 'Severe', 'Generalized', 'Seizures']","['0012828', '0001249', '0010864', '0002167', '0001250', '0001250', '0001250', '0001250', '0012824', '0001250', '0012837', '0001250', '0001250', '0001250', '0001336', '0001250', '0003674', '0003674', '0001250', '0025285', '0001945', '0002133', '0001250', '0001250', '0001250', '0031375', '0001250', '0001250', '0040279', '0001250', '0031375', '0001250', '0001250', '0025285', '0001250', '0003674', '0001250', '0012824', '0031375', '0012828', '0012837', '0001250']"
71,"[65, 293, 583]","[83, 304, 594]","['Intellectual disability', 'Mode of inheritance', 'Mode of inheritance']","['0001249', '0000005', '0000005']"
72,"[41, 120, 303, 448, 538, 792]","[50, 128, 311, 456, 546, 798]","['Localized', 'Sporadic', 'Sporadic', 'Sporadic', 'Sporadic', 'Distal']","['0012838', '0003745', '0003745', '0003745', '0003745', '0012839']"
73,"[0, 211, 719]","[13, 219, 727]","['Brachydactyly', 'Affected', 'Affected']","['0001156', '0032320', '0032320']"
74,"[99, 186, 296, 296]","[112, 199, 304, 318]","['Brachydactyly', 'Brachydactyly', 'Proximal', 'Proximal symphalangism']","['0001156', '0001156', '0012840', '0100264']"
75,"[0, 81, 117, 282, 431, 459, 480, 469, 459]","[17, 90, 125, 290, 439, 468, 490, 490, 490]","['Neurofibromas', 'Frequency', 'Affected', 'Affected', 'Sporadic', 'Bilateral', 'Schwannoma', 'Vestibular Schwannoma', 'Bilateral vestibular Schwannoma']","['0001067', '0040279', '0032320', '0032320', '0003745', '0012832', '0100008', '0009588', '0009589']"
76,"[41, 402, 390, 380, 413, 455, 607, 595, 585, 694, 716]","[58, 412, 412, 412, 434, 466, 616, 616, 616, 715, 734]","['Neurofibromas', 'Cataract', 'Subcapsular cataract', 'Posterior subcapsular cataract', 'Epiretinal membrane', 'Schwannoma', 'Cataract', 'Subcapsular cataract', 'Posterior subcapsular cataract', 'Epiretinal membrane', 'Clinical relevance']","['0001067', '0000518', '0000523', '0007787', '0100014', '0100008', '0000518', '0000523', '0007787', '0100014', '0045088']"
77,"[164, 164, 188, 179, 205, 344, 371, 371, 386, 377, 412, 905, 1021]","[178, 178, 200, 200, 228, 366, 376, 376, 397, 397, 430, 923, 1034]","['Abnormality of the outer ear', 'Abnormality of the ear', 'Polydactyly', 'Preaxial polydactyly', 'Anteriorly placed anus', 'Micrognathia', 'Right', 'Left', 'Polydactyly', 'Preaxial polydactyly', 'Limbal dermoid', 'Limbal dermoid', 'Heterogeneous']","['0000356', '0000598', '0010442', '0100258', '0001545', '0000347', '0012834', '0012835', '0010442', '0100258', '0001140', '0001140', '0001425']"
78,"[51, 103, 96, 166, 159, 238, 246, 273, 298, 356, 375, 356, 637]","[68, 116, 116, 179, 179, 245, 260, 280, 309, 374, 387, 387, 645]","['Neurofibromas', 'Neurofibromas', 'Spinal neurofibromas', 'Neurofibromas', 'Spinal neurofibromas', 'Neoplasm', 'Lisch nodules', 'Neoplasm', 'Mode of inheritance', 'Autosomal dominant inheritance', 'Mode of inheritance', 'Autosomal dominant inheritance', 'Excluded']","['0001067', '0001067', '0009735', '0001067', '0009735', '0002664', '0009737', '0002664', '0000005', '0000006', '0000005', '0000006', '0040285']"
79,"[273, 268]","[279, 279]","['Neoplasm', 'Neoplasm of the skin']","['0002664', '0008069']"
80,"[195, 186, 467, 458, 574, 565]","[203, 203, 475, 475, 582, 582]","['Neuroma', 'Vestibular Schwannoma', 'Neuroma', 'Vestibular Schwannoma', 'Neuroma', 'Vestibular Schwannoma']","['0030430', '0009588', '0030430', '0009588', '0030430', '0009588']"
81,[],[],[],[]
82,"[81, 289, 347, 564, 581, 638, 657, 696, 1009, 1171]","[93, 307, 362, 576, 594, 645, 672, 706, 1023, 1178]","['Hearing impairment', 'Autosomal dominant inheritance', 'Abnormality of the kidney', 'Hearing impairment', 'Cleft palate', 'Myopia', 'Nonprogressive', 'Flat face', 'Renal agenesis', 'Healthy']","['0000365', '0000006', '0000077', '0000365', '0000175', '0000545', '0003680', '0012368', '0000104', '0032322']"
83,"[40, 127, 118, 118, 146, 164, 207, 207, 219, 228, 266, 949]","[58, 145, 145, 145, 159, 180, 215, 215, 227, 241, 282, 957]","['Autosomal dominant inheritance', 'Abnormality of the pinna', 'Abnormality of the outer ear', 'External ear malformation', 'Hearing impairment', 'Abnormality of the kidney', 'Auricular pit', 'Preauricular pit', 'Profound', 'Hearing impairment', 'Renal agenesis', 'Severity']","['0000006', '0000377', '0000356', '0008572', '0000365', '0000077', '0030025', '0004467', '0012829', '0000365', '0000104', '0012824']"
84,"[201, 231, 262, 262, 408]","[220, 244, 270, 284, 416]","['Skeletal dysplasia', 'Brachydactyly', 'Proximal', 'Proximal symphalangism', 'Affected']","['0002652', '0001156', '0012840', '0100264', '0032320']"
85,"[19, 14, 8, 64]","[28, 28, 28, 82]","['Carcinoma', 'Hepatocellular carcinoma', 'Basal cell carcinoma', 'Autosomal dominant inheritance']","['0030731', '0001402', '0002671', '0000006']"
86,"[107, 305, 324, 528, 1103, 1095]","[129, 323, 337, 536, 1116, 1116]","['Variable expressivity', 'Abnormality of the outer ear', 'Oral cleft', 'Affected', 'Heterogeneous', 'Heterogeneous']","['0003828', '0000356', '0000202', '0032320', '0001425', '0001425']"
87,"[10, 0, 243, 295, 306, 295, 328, 356, 345, 366, 377, 406, 398, 520, 613, 735]","[19, 19, 251, 305, 315, 315, 344, 365, 365, 376, 391, 418, 418, 530, 625, 753]","['Pterygium', 'Popliteal pterygium', 'Lip pit', 'Unilateral', 'Cleft lip', 'Unilateral cleft lip', 'Ankyloblepharon', 'Lip pit', 'Paramedian lip pit', 'Unilateral', 'Renal agenesis', 'Hypospadias', 'Coronal hypospadias', 'Unaffected', 'Hypospadias', 'Abnormal renal morphology']","['0001059', '0009756', '0100267', '0012833', '0410030', '0100333', '0009755', '0100267', '0100269', '0012833', '0000104', '0000047', '0008743', '0032321', '0000047', '0012210']"
88,"[0, 201, 475]","[13, 219, 479]","['Brachydactyly', 'Autosomal dominant inheritance', 'Mild']","['0001156', '0000006', '0012825']"
89,"[68, 75, 68, 127]","[74, 94, 94, 146]","['Severe', 'Intellectual disability', 'Intellectual disability, severe', 'Sleep disturbance']","['0012828', '0001249', '0010864', '0002360']"
90,"[33, 72, 147, 552, 615, 674, 1142]","[46, 90, 159, 561, 623, 681, 1148]","['Heterogeneous', 'Autosomal dominant inheritance', 'Hearing impairment', 'Recurrent', 'Affected', 'Affected', 'Severe']","['0001425', '0000006', '0000365', '0031796', '0032320', '0032320', '0012828']"
91,"[96, 90, 104, 172, 478, 472, 522, 673, 863, 856, 915, 1066, 1061, 1055]","[103, 103, 120, 187, 484, 484, 537, 688, 868, 868, 931, 1077, 1077, 1077]","['Neoplasm', 'Brain neoplasm', 'Medulloblastoma', 'Medulloblastoma', 'Neoplasm', 'Brain neoplasm', 'Medulloblastoma', 'Medulloblastoma', 'Onset', 'Onset', 'Medulloblastoma', 'Carcinoma', 'Hepatocellular carcinoma', 'Basal cell carcinoma']","['0002664', '0030692', '0002885', '0002885', '0002664', '0030692', '0002885', '0002885', '0003674', '0003674', '0002885', '0030731', '0001402', '0002671']"
92,"[0, 59, 117, 176, 314, 379, 437, 445, 459, 485, 503, 519, 519, 530, 519, 567, 579, 613, 605, 654, 775, 935]","[17, 68, 123, 185, 322, 396, 444, 458, 471, 498, 518, 529, 529, 541, 541, 578, 600, 625, 625, 663, 787, 952]","['Neurofibromas', 'Neoplasm', 'Neoplasm', 'Frequency', 'Affected', 'Neurofibromas', 'Neoplasm', 'Schwannoma', 'Meningioma', 'Astrocytoma', 'Neurofibromas', 'Acral', 'Peripheral', 'Peripheral neuropathy', 'Peripheral neuropathy', 'Cataract', 'Epiretinal membrane', 'Hamartoma', 'Retinal hamartoma', 'Neoplasm', 'Progressive', 'Neurofibromas']","['0001067', '0002664', '0002664', '0040279', '0032320', '0001067', '0002664', '0100008', '0002858', '0009592', '0001067', '0025292', '0030646', '0009830', '0009830', '0000518', '0100014', '0010566', '0009594', '0002664', '0003676', '0001067']"
93,"[62, 96, 101, 138, 227]","[81, 100, 114, 150, 245]","['Intellectual disability', 'Mild', 'Hearing impairment', 'Hearing impairment', 'Intellectual disability']","['0001249', '0012825', '0000365', '0000365', '0001249']"
94,"[40, 191, 186, 180, 205, 491, 719]","[58, 200, 200, 200, 221, 506, 735]","['Autosomal dominant inheritance', 'Carcinoma', 'Hepatocellular carcinoma', 'Basal cell carcinoma', 'Medulloblastoma', 'Medulloblastoma', 'Medulloblastoma']","['0000006', '0030731', '0001402', '0002671', '0002885', '0002885', '0002885']"
95,"[11, 0, 76, 195, 227, 222, 216, 247]","[16, 16, 94, 201, 236, 236, 236, 264]","['Nevus', 'Basal cell carcinoma', 'Autosomal dominant inheritance', 'Neoplasm', 'Carcinoma', 'Hepatocellular carcinoma', 'Basal cell carcinoma', 'Medulloblastoma']","['0003764', '0002671', '0000006', '0002664', '0030731', '0001402', '0002671', '0002885']"
96,"[243, 549, 559, 568, 559, 615, 638, 648, 659, 678, 1088, 1198]","[252, 555, 567, 594, 594, 628, 647, 658, 673, 691, 1104, 1206]","['Albinism', 'Severe', 'Profound', 'Global developmental delay', 'Profound global developmental delay', 'Microcephaly', 'Seizures', 'Generalized hypotonia', 'Hyperreflexia', 'Hyperkinetic movements', 'Hypopigmentation of the skin', 'Albinism']","['0001022', '0012828', '0012829', '0001263', '0012736', '0000252', '0001250', '0001290', '0001347', '0002487', '0001010', '0001022']"
97,"[787, 859, 930]","[811, 883, 948]","['Uniparental heterodisomy', 'human phenotypic abnormality', 'Uniparental disomy']","['0032383', '0000118', '0032382']"
98,"[0, 23, 42, 71, 78, 151, 151, 191, 204, 213, 267, 258, 315, 365, 551, 676]","[17, 32, 59, 77, 96, 157, 180, 203, 212, 227, 276, 276, 323, 370, 556, 681]","['Neurofibromas', 'Bilateral', 'Neurofibromas', 'Severe', 'Autosomal dominant inheritance', 'Neoplasm', 'Neoplasm of the nervous system', 'Meningioma', 'Glioma', 'Neurofibromas', 'Neuroma', 'Vestibular Schwannoma', 'Frequent', 'Neoplasm', 'Neoplasm', 'Neoplasm']","['0001067', '0012832', '0001067', '0012828', '0000006', '0002664', '0004375', '0002858', '0009733', '0001067', '0030430', '0009588', '0040282', '0002664', '0002664', '0002664']"
99,"[46, 36, 186, 207, 203, 243, 523, 598]","[55, 55, 198, 218, 218, 253, 531, 604]","['Pterygium', 'Popliteal pterygium', 'Cleft palate', 'Syndactyly', 'Toe syndactyly', 'Syndactyly', 'Excluded', 'Affected']","['0001059', '0009756', '0000175', '0001159', '0001770', '0001159', '0040285', '0032320']"
100,"[46, 106, 124, 204, 332, 416, 439, 432, 465, 498, 523, 514]","[63, 120, 141, 212, 340, 427, 445, 445, 474, 509, 536, 536]","['Neurofibromas', 'Family history', 'Neurofibromas', 'Sporadic', 'Sporadic', 'Meningioma', 'Neoplasm', 'Spinal cord tumor', 'Bilateral', 'Schwannoma', 'Heterogeneous', 'Phenotypic variability']","['0001067', '0032316', '0001067', '0003745', '0003745', '0002858', '0002664', '0010302', '0012832', '0100008', '0001425', '0003812']"
101,"[259, 463, 627, 1073, 1161]","[267, 471, 635, 1082, 1174]","['Proximal', 'Sporadic', 'Sporadic', 'Localized', 'Heterogeneous']","['0012840', '0003745', '0003745', '0012838', '0001425']"
102,"[39, 223]","[57, 241]","['Autosomal dominant inheritance', 'Autosomal dominant inheritance']","['0000006', '0000006']"
103,"[83, 76, 104, 124, 145, 135, 159, 230, 252, 279, 355, 372, 390, 404, 436, 480, 480, 497]","[103, 103, 111, 144, 154, 154, 171, 238, 260, 287, 369, 383, 403, 420, 453, 486, 491, 505]","['Global developmental delay', 'Global developmental delay', 'Ataxia', 'Paroxysmal bursts of laughter', 'Seizures', 'Gelastic seizures', 'Microcephaly', 'Affected', 'Affected', 'Affected', 'Mandibular prognathia', 'Wide mouth', 'Pointed chin', 'Tongue thrusting', 'Abnormality of movement', 'Ataxia', 'Gait ataxia', 'Frequent']","['0001263', '0001263', '0001251', '0000749', '0001250', '0010821', '0000252', '0032320', '0032320', '0032320', '0000303', '0000154', '0000307', '0100703', '0100022', '0001251', '0002066', '0040282']"
104,"[140, 150, 171, 209, 375, 412, 442, 486, 500, 589, 627, 816, 875, 949, 984, 1042, 1093, 1100, 1179, 1212, 1229, 1376]","[145, 167, 183, 217, 393, 420, 460, 499, 518, 605, 631, 829, 883, 961, 993, 1054, 1099, 1118, 1190, 1220, 1244, 1393]","['Onset', 'Rapidly progressive', 'Hearing impairment', 'Affected', 'Autosomal dominant inheritance', 'Affected', 'Preauricular pit', 'Hearing impairment', 'Branchial fistula', 'Abnormality of the kidney', 'Mild', 'Hearing impairment', 'Affected', 'Hearing impairment', 'Severity', 'Hearing impairment', 'Severe', 'Abnormal renal morphology', 'Mode of inheritance', 'Hearing impairment', 'Abnormality of the kidney', 'Preauricular pit']","['0003674', '0003678', '0000365', '0032320', '0000006', '0032320', '0004467', '0000365', '0009795', '0000077', '0012825', '0000365', '0032320', '0000365', '0012824', '0000365', '0012828', '0012210', '0000005', '0000365', '0000077', '0004467']"
105,"[61, 61, 206]","[76, 76, 220]","['Abnormal heart morphology', 'Abnormality of cardiovascular system morphology', 'Sporadic']","['0001627', '0030680', '0003745']"
106,"[48, 152, 143, 133, 269, 430]","[65, 160, 160, 160, 283, 444]","['Neurofibromas', 'Cataract', 'Capsular cataract', 'Posterior capsular cataract', 'Cataract', 'Cataract']","['0001067', '0000518', '0100017', '0100020', '0000518', '0000518']"
107,"[164, 171, 200, 186, 208, 214, 237, 242, 275]","[170, 185, 213, 213, 220, 232, 241, 249, 298]","['Severe', 'Brachycephaly', 'Hearing impairment', 'Sensorineural hearing impairment', 'Loss of speech', 'Neurological speech impairment', 'Mild', 'Ataxia', 'Large foramen magnum']","['0012828', '0000248', '0000365', '0000407', '0002371', '0002167', '0012825', '0001251', '0002700']"
108,"[0, 19, 49, 56, 118, 158, 171, 180, 211, 230, 221, 211, 441, 579, 706, 731, 722, 856, 963, 954, 997]","[9, 36, 55, 74, 125, 170, 179, 193, 220, 239, 239, 239, 459, 586, 717, 740, 740, 863, 971, 971, 1005]","['Bilateral', 'Neurofibromas', 'Severe', 'Autosomal dominant inheritance', 'Neoplasm', 'Meningioma', 'Glioma', 'Neurofibromas', 'Bilateral', 'Neuroma', 'Vestibular Schwannoma', 'Bilateral vestibular Schwannoma', 'Neurofibromas', 'Neoplasm', 'Meningioma', 'Neuroma', 'Vestibular Schwannoma', 'Neoplasm', 'Neuroma', 'Vestibular Schwannoma', 'Neoplasm']","['0012832', '0001067', '0012828', '0000006', '0002664', '0002858', '0009733', '0001067', '0012832', '0030430', '0009588', '0009589', '0001067', '0002664', '0002858', '0030430', '0009588', '0002664', '0030430', '0009588', '0002664']"
109,"[34, 629, 844]","[47, 647, 862]","['Short stature', 'Uniparental disomy', 'Uniparental disomy']","['0004322', '0032382', '0032382']"
110,"[4, 68, 88, 98, 150, 205, 225, 205, 308, 598]","[15, 87, 97, 105, 158, 224, 237, 237, 316, 605]","['Mode of inheritance', 'Intellectual disability', 'Seizures', 'Ataxia', 'Affected', 'Autosomal recessive inheritance', 'Mode of inheritance', 'Autosomal recessive inheritance', 'Proximal', 'Healthy']","['0000005', '0001249', '0001250', '0001251', '0032320', '0000007', '0000005', '0000007', '0012840', '0032322']"
111,"[408, 403, 397, 564, 624, 658, 679, 731]","[418, 418, 418, 571, 638, 669, 712, 753]","['Carcinoma', 'Hepatocellular carcinoma', 'Basal cell carcinoma', 'Neoplasm', 'Family history', 'Bifid ribs', 'Calcification of falx cerebri', 'Abnormality of the skeletal system']","['0030731', '0001402', '0002671', '0002664', '0032316', '0000892', '0005462', '0000924']"
112,"[67, 120, 201]","[90, 128, 208]","['Psychomotor retardation', 'Seizures', 'Diffuse']","['0025356', '0001250', '0020034']"
113,"[248, 362, 711, 721, 751, 875, 907, 1058, 1049, 1090, 1271, 1367, 1386, 1408, 1457, 1476, 1467, 1457, 1501, 1524, 1553, 1572, 1613, 1762, 1753, 1774]","[256, 368, 720, 728, 758, 885, 914, 1066, 1066, 1097, 1279, 1376, 1404, 1426, 1466, 1485, 1485, 1485, 1509, 1535, 1562, 1589, 1623, 1769, 1769, 1785]","['Neoplasm', 'Neoplasm', 'Bilateral', 'Neoplasm', 'Neoplasm', 'Sporadic', 'Neoplasm', 'Neuroma', 'Vestibular Schwannoma', 'Neoplasm', 'Neoplasm', 'Bilateral', 'Neurofibromas', 'Autosomal dominant inheritance', 'Bilateral', 'Neuroma', 'Vestibular Schwannoma', 'Bilateral vestibular Schwannoma', 'Frequent', 'Meningioma', 'Bilateral', 'Neurofibromas', 'Meningioma', 'Neuroma', 'Vestibular Schwannoma', 'Meningioma']","['0002664', '0002664', '0012832', '0002664', '0002664', '0003745', '0002664', '0030430', '0009588', '0002664', '0002664', '0012832', '0001067', '0000006', '0012832', '0030430', '0009588', '0009589', '0040282', '0002858', '0012832', '0001067', '0002858', '0030430', '0009588', '0002858']"
114,"[25, 25, 36, 83, 92, 92, 103, 228, 343, 604, 620]","[35, 35, 49, 91, 102, 102, 120, 237, 350, 615, 633]","['Acral', 'Peripheral', 'Neurofibromas', 'Sporadic', 'Acral', 'Peripheral', 'Neurofibromas', 'Frequency', 'Healthy', 'Meningioma', 'Neurofibromas']","['0025292', '0030646', '0001067', '0003745', '0025292', '0030646', '0001067', '0040279', '0032322', '0002858', '0001067']"
115,"[58, 58, 95, 331]","[68, 68, 112, 348]","['Acral', 'Peripheral', 'Neurofibromas', 'Neurofibromas']","['0025292', '0030646', '0001067', '0001067']"
116,"[0, 19, 89, 222, 213, 236, 259, 351, 372, 539, 557, 703, 746, 737, 888, 1009]","[9, 36, 95, 231, 231, 250, 269, 356, 385, 546, 569, 710, 755, 755, 894, 1014]","['Bilateral', 'Neurofibromas', 'Neoplasm', 'Neuroma', 'Vestibular Schwannoma', 'Neurofibromas', 'Meningioma', 'Neoplasm', 'Neurofibromas', 'Neoplasm', 'Neurofibromas', 'Affected', 'Neuroma', 'Vestibular Schwannoma', 'Distal', 'Neoplasm']","['0012832', '0001067', '0002664', '0030430', '0009588', '0001067', '0002858', '0002664', '0001067', '0002664', '0001067', '0032320', '0030430', '0009588', '0012839', '0002664']"
117,"[41, 92, 145, 145, 156, 179, 199, 211, 230, 308, 328, 378, 452, 536, 559, 592, 611, 602, 592, 633, 707, 726, 717, 707, 736, 851, 842, 1067, 1163, 1393, 1380]","[58, 109, 155, 155, 174, 196, 207, 220, 248, 316, 336, 395, 469, 543, 565, 601, 620, 620, 620, 639, 716, 735, 735, 735, 747, 859, 859, 1084, 1180, 1399, 1399]","['Neurofibromas', 'Neurofibromas', 'Acral', 'Peripheral', 'Neurofibromas', 'Neurofibromas', 'Central', 'Bilateral', 'Neurofibromas', 'Affected', 'Affected', 'Neurofibromas', 'Neurofibromas', 'Central', 'Neoplasm', 'Bilateral', 'Neuroma', 'Vestibular Schwannoma', 'Bilateral vestibular Schwannoma', 'Neoplasm', 'Bilateral', 'Neuroma', 'Vestibular Schwannoma', 'Bilateral vestibular Schwannoma', 'Meningioma', 'Neuroma', 'Vestibular Schwannoma', 'Neurofibromas', 'Neurofibromas', 'Neoplasm', 'Brain neoplasm']","['0001067', '0001067', '0025292', '0030646', '0001067', '0001067', '0030645', '0012832', '0001067', '0032320', '0032320', '0001067', '0001067', '0030645', '0002664', '0012832', '0030430', '0009588', '0009589', '0002664', '0012832', '0030430', '0009588', '0009589', '0002858', '0030430', '0009588', '0001067', '0001067', '0002664', '0030692']"
118,"[197, 215, 241, 264, 307, 319, 373, 399, 385, 471, 501, 487, 518]","[214, 240, 263, 284, 318, 332, 384, 411, 411, 486, 513, 513, 534]","['Anal atresia', 'Prominent scrotal raphe', 'Rectoperineal fistula', 'Triphalangeal thumb', 'Syndactyly', 'Clinodactyly', 'Satyr ear', 'Hearing impairment', 'Sensorineural hearing impairment', 'Abnormality of limbs', 'Hearing impairment', 'Sensorineural hearing impairment', 'Abnormality of the kidney']","['0002023', '0003246', '0004792', '0001199', '0001159', '0030084', '0030676', '0000365', '0000407', '0040064', '0000365', '0000407', '0000077']"
119,"[57, 125, 135, 169, 203, 243, 330, 431, 451, 580, 662, 825, 1192, 1312, 1393]","[67, 130, 145, 176, 214, 249, 340, 440, 457, 613, 669, 836, 1198, 1321, 1399]","['Schwannoma', 'Neoplasm', 'Bilateral', 'Neoplasm', 'Schwannoma', 'Neoplasm', 'Schwannoma', 'Affected', 'Neoplasm', 'Increased intracranial pressure', 'Neoplasm', 'Schwannoma', 'Neoplasm', 'Schwannoma', 'Neoplasm']","['0100008', '0002664', '0012832', '0002664', '0100008', '0002664', '0100008', '0032320', '0002664', '0002516', '0002664', '0100008', '0002664', '0100008', '0002664']"
120,"[19, 12, 76]","[32, 32, 97]","['Brachydactyly', 'Type C brachydactyly', 'Incomplete penetrance']","['0001156', '0009373', '0003829']"
121,"[36, 43, 36, 125, 302, 403, 394, 541, 548, 541]","[42, 57, 57, 133, 310, 421, 421, 547, 562, 562]","['Distal', 'Arthrogryposis multiplex congenita', 'Distal arthrogryposis', 'Affected', 'Affected', 'Flexion contracture', 'Multiple joint contractures', 'Distal', 'Arthrogryposis multiplex congenita', 'Distal arthrogryposis']","['0012839', '0002804', '0005684', '0032320', '0032320', '0001371', '0002828', '0012839', '0002804', '0005684']"
122,[144],[152],['Affected'],['0032320']
123,"[15, 100, 163, 190, 210, 341, 374, 461, 452, 498, 508, 524, 524, 540, 571, 626, 626, 668, 685, 705, 730]","[33, 110, 189, 205, 233, 349, 382, 473, 473, 507, 523, 539, 539, 549, 588, 643, 651, 676, 704, 725, 744]","['Autosomal dominant inheritance', 'Cleft lip', 'Nasolacrimal duct obstruction', 'Abnormality of the pinna', 'Branchial sinus', 'Affected', 'Affected', 'Mode of inheritance', 'X-linked inheritance', 'Coloboma', 'Microphthalmia', 'Auricular pit', 'Preauricular pit', 'Lip pit', 'Abnormality of the dentition', 'Premature graying of hair', 'Premature graying of hair', 'Affected', 'Growth delay', 'Global developmental delay', 'Abnormality of the hand']","['0000006', '0410030', '0000579', '0000377', '0100272', '0032320', '0032320', '0000005', '0001417', '0000589', '0000568', '0030025', '0004467', '0100267', '0000164', '0002216', '0002216', '0032320', '0001510', '0001263', '0001155']"
124,"[260, 328, 463, 478]","[268, 345, 474, 487]","['Seizures', 'EEG abnormality', 'Drowsiness', 'Prolonged']","['0001250', '0002353', '0002329', '0025297']"
125,"[22, 111, 441, 436, 449, 456, 474, 484, 510, 527, 546, 541, 662, 809, 804, 835, 871, 887, 923, 972, 1027, 1044, 1064, 1056, 1081, 1095, 1129, 1121, 1144, 1635, 1660]","[31, 123, 448, 448, 455, 473, 483, 494, 522, 536, 553, 553, 670, 816, 816, 845, 881, 896, 940, 981, 1043, 1055, 1072, 1072, 1094, 1107, 1137, 1137, 1156, 1645, 1667]","['Carcinoma', 'Carcinoma', 'Neoplasm', 'Neoplasm of the skin', 'Milia', 'Epidermoid cyst', 'Chalazion', 'Comedo', 'Plantar pits', 'Frequent', 'Neoplasm', 'Neoplasm of the skin', 'Frequent', 'Neoplasm', 'Neoplasm of the skin', 'Unilateral', 'Carcinoma', 'Comedo', 'Somatic mutation', 'Neoplasm', 'Medulloblastoma', 'Meningioma', 'Fibroma', 'Ovarian fibroma', 'Fibrosarcoma', 'Fibrosarcoma', 'Fibroma', 'Cardiac fibroma', 'Rhabdomyoma', 'Aggressive behavior', 'Neoplasm']","['0030731', '0030731', '0002664', '0008069', '0001056', '0200040', '0010605', '0025249', '0010612', '0040282', '0002664', '0008069', '0040282', '0002664', '0008069', '0012833', '0030731', '0025249', '0001428', '0002664', '0002885', '0002858', '0010614', '0010618', '0100244', '0100244', '0010614', '0010617', '0009730', '0000718', '0002664']"
126,"[115, 413, 475, 495, 475]","[130, 421, 494, 507, 507]","['Sporadic', 'Affected', 'Autosomal recessive inheritance', 'Mode of inheritance', 'Autosomal recessive inheritance']","['0003745', '0032320', '0000007', '0000005', '0000007']"
127,"[306, 297, 741, 741, 763, 776]","[319, 319, 750, 762, 771, 796]","['Heterogeneous', 'Phenotypic variability', 'Generalized hypotonia', 'Infantile muscular hypotonia', 'Obesity', 'Global developmental delay']","['0001425', '0003812', '0001290', '0008947', '0001513', '0001263']"
128,"[96, 103, 96, 123, 148, 190, 287, 277, 299, 353, 526, 531, 750, 775]","[102, 122, 122, 131, 163, 198, 295, 295, 307, 362, 530, 545, 759, 784]","['Severe', 'Intellectual disability', 'Intellectual disability, severe', 'Seizures', 'Incoordination', 'Proximal', 'Poor appetite', 'Polyphagia', 'Obesity', 'Generalized hypotonia', 'Mild', 'Hypertelorism', 'Frequent', 'Prolonged']","['0012828', '0001249', '0010864', '0001250', '0002311', '0012840', '0004396', '0002591', '0001513', '0001290', '0012825', '0000316', '0040282', '0025297']"
129,"[96, 96, 154, 196, 246, 300, 347, 481]","[108, 123, 172, 203, 266, 318, 355, 500]","['Hearing impairment', 'Conductive hearing impairment', 'Preauricular pit', 'Lateral', 'Abnormal renal morphology', 'Autosomal dominant inheritance', 'Affected', 'Abnormality of the pinna']","['0000365', '0000405', '0004467', '0025275', '0012210', '0000006', '0032320', '0000377']"
130,"[140, 251, 251, 388, 567, 567]","[156, 265, 265, 409, 580, 580]","['Renal hypoplasia', 'Abnormality of the outer ear', 'Abnormality of the ear', 'Variable expressivity', 'Abnormality of the outer ear', 'Abnormality of the ear']","['0000089', '0000356', '0000598', '0003828', '0000356', '0000598']"
131,"[0, 40, 116, 133, 133, 152]","[13, 53, 129, 147, 155, 166]","['Short stature', 'Brachydactyly', 'Brachydactyly', 'Short stature', 'Rhizomelia', 'Hip dysplasia']","['0004322', '0001156', '0001156', '0004322', '0008905', '0001385']"
132,"[62, 51, 207]","[67, 67, 215]","['Nevus', 'Basal cell carcinoma', 'Sporadic']","['0003764', '0002671', '0003745']"
133,"[101, 101, 111, 134, 147, 189, 288]","[110, 110, 133, 142, 163, 207, 309]","['Auricular pit', 'Preauricular pit', 'Branchial cyst', 'Hearing impairment', 'Abnormality of the kidney', 'Autosomal dominant inheritance', 'Gustatory lacrimation']","['0030025', '0004467', '0009796', '0000365', '0000077', '0000006', '0100274']"
134,"[61, 50, 240, 347, 371, 389, 430, 515, 522, 538, 670]","[66, 66, 262, 366, 380, 399, 436, 521, 533, 549, 681]","['Nevus', 'Basal cell carcinoma', 'Basal cell carcinoma', 'Facial palsy', 'Bilateral', 'Unilateral', 'Severe', 'Severe', 'Bradycardia', 'Hypotension', 'Hemiparesis']","['0003764', '0002671', '0002671', '0010628', '0012832', '0012833', '0012828', '0012828', '0001662', '0002615', '0001269']"
135,"[37, 256, 256, 273, 286, 343, 331]","[53, 260, 260, 281, 291, 354, 354]","['Cardiomegaly', 'Right', 'Left', 'Fibroma', 'Neoplasm', 'Arrhythmia', 'Ventricular arrhythmia']","['0001640', '0012834', '0012835', '0010614', '0002664', '0011675', '0004308']"
136,"[165, 156, 156, 209, 203, 226, 253, 312, 372, 413, 404, 404, 580, 894, 929, 956]","[183, 183, 183, 221, 221, 241, 262, 327, 384, 430, 430, 430, 598, 909, 951, 973]","['Abnormality of the pinna', 'Abnormality of the outer ear', 'External ear malformation', 'Hearing impairment', 'Mixed hearing impairment', 'Abnormality of the kidney', 'Severity', 'Abnormality of the kidney', 'Hearing impairment', 'Abnormality of the pinna', 'Abnormality of the outer ear', 'External ear malformation', 'Autosomal dominant inheritance', 'Potter facies', 'Abnormality of the pinna', 'Renal dysplasia']","['0000377', '0000356', '0008572', '0000365', '0000410', '0000077', '0012824', '0000077', '0000365', '0000377', '0000356', '0008572', '0000006', '0002009', '0000377', '0000110']"
137,"[36, 85, 108, 124, 169, 478, 503, 543, 556, 630]","[44, 103, 117, 134, 177, 485, 512, 555, 565, 642]","['Obesity', 'Intellectual disability', 'Bilateral', 'Ankylosis', 'Affected', 'Obesity', 'Ankylosis', 'Mode of inheritance', 'Affected', 'Spontaneous abortion']","['0001513', '0001249', '0012832', '0031013', '0032320', '0001513', '0031013', '0000005', '0032320', '0005268']"
138,"[47, 33, 57, 79, 101, 135, 135, 124, 477, 477, 466, 611]","[56, 56, 73, 100, 119, 148, 148, 148, 490, 490, 490, 629]","['Hearing impairment', 'Sensorineural hearing impairment', 'Anal atresia', 'Rectovaginal fistula', 'Short thumb', 'Abnormal heart morphology', 'Abnormality of cardiovascular system morphology', 'Abnormal heart morphology', 'Abnormal heart morphology', 'Abnormality of cardiovascular system morphology', 'Abnormal heart morphology', 'Autosomal dominant inheritance']","['0000365', '0000407', '0002023', '0000143', '0009778', '0001627', '0030680', '0001627', '0001627', '0030680', '0001627', '0000006']"
139,"[0, 38, 38, 82, 114, 201, 209, 232, 251, 242, 232, 265, 341, 383, 391, 578, 578, 589, 689, 701, 701, 721]","[17, 50, 50, 91, 121, 208, 226, 241, 258, 258, 258, 283, 345, 390, 409, 588, 588, 607, 696, 711, 711, 738]","['Neurofibromas', 'Acral', 'Peripheral', 'Central', 'Central', 'Central', 'Neurofibromas', 'Bilateral', 'Neuroma', 'Vestibular Schwannoma', 'Bilateral vestibular Schwannoma', 'Autosomal dominant inheritance', 'Mild', 'Central', 'Neurofibromas', 'Acral', 'Peripheral', 'Neurofibromas', 'Central', 'Acral', 'Peripheral', 'Neurofibromas']","['0001067', '0025292', '0030646', '0030645', '0030645', '0030645', '0001067', '0012832', '0030430', '0009588', '0009589', '0000006', '0012825', '0030645', '0001067', '0025292', '0030646', '0001067', '0030645', '0025292', '0030646', '0001067']"
140,[78],[84],['Nevus'],['0003764']
141,"[126, 166, 206, 217, 256, 300]","[137, 192, 216, 231, 286, 308]","['Cleft lip', 'Abnormal facial shape', 'Unilateral', 'Microphthalmia', 'Nasolacrimal duct obstruction', 'Sporadic']","['0410030', '0001999', '0012833', '0000568', '0000579', '0003745']"
142,"[75, 124, 134, 124, 220, 236, 294, 372, 460, 571, 581, 571]","[89, 133, 148, 148, 228, 251, 309, 387, 475, 580, 596, 596]","['Ectopic kidney', 'Bilateral', 'Renal agenesis', 'Bilateral renal agenesis', 'Severity', 'Abnormality of the kidney', 'Oligohydramnios', 'Renal agenesis', 'Abnormality of the kidney', 'Bilateral', 'Renal agenesis', 'Bilateral renal agenesis']","['0000086', '0012832', '0000104', '0010958', '0012824', '0000077', '0001562', '0000104', '0000077', '0012832', '0000104', '0010958']"
143,"[46, 53, 77, 63, 53, 93, 249, 268, 249, 285, 308]","[52, 62, 90, 90, 90, 109, 267, 279, 279, 303, 330]","['Severe', 'Bilateral', 'Hearing impairment', 'Sensorineural hearing impairment', 'Bilateral sensorineural hearing impairment', 'Preauricular pit', 'Autosomal dominant inheritance', 'Mode of inheritance', 'Autosomal dominant inheritance', 'Incomplete penetrance', 'Variable expressivity']","['0012828', '0012832', '0000365', '0000407', '0008619', '0004467', '0000006', '0000005', '0000006', '0003829', '0003828']"
144,"[294, 299, 361, 414, 444, 449, 449, 579]","[298, 313, 388, 431, 448, 459, 459, 593]","['Mild', 'Hydrocephalus', 'Cerebral calcification', 'EEG abnormality', 'Mild', 'Acral', 'Peripheral', 'Nonprogressive']","['0012825', '0000238', '0002514', '0002353', '0012825', '0025292', '0030646', '0003680']"
145,"[28, 18, 88, 118, 112]","[37, 37, 107, 127, 127]","['Pterygium', 'Popliteal pterygium', 'Cleft palate', 'Lip pit', 'Lower lip pit']","['0001059', '0009756', '0000175', '0100267', '0000196']"
146,"[467, 504, 569, 563, 583, 657, 681, 743, 772, 916, 972, 1444]","[485, 512, 582, 582, 601, 680, 699, 758, 776, 928, 990, 1457]","['Autosomal dominant inheritance', 'Affected', 'Hearing impairment', 'Mixed hearing impairment', 'Preauricular pit', 'Lacrimal duct stenosis', 'Branchial fistula', 'Abnormality of the kidney', 'Mild', 'Hearing impairment', 'Abnormal renal morphology', 'Hearing impairment']","['0000006', '0032320', '0000365', '0000410', '0004467', '0007678', '0009795', '0000077', '0012825', '0000365', '0012210', '0000365']"
147,"[414, 408, 452, 495]","[426, 426, 464, 504]","['Hearing impairment', 'Mixed hearing impairment', 'Hearing impairment', 'Ankylosis']","['0000365', '0000410', '0000365', '0031013']"
148,"[45, 87, 99, 94, 179, 168, 247, 294, 335, 342, 335, 404, 423, 404, 483, 525, 565, 554, 583, 799, 806, 890, 897, 890, 949, 963, 974, 988, 997, 1005, 1023, 1036, 1051, 1076, 1090, 1362, 1369, 1386, 1405, 1386, 1515, 1544]","[53, 93, 111, 111, 198, 198, 262, 309, 341, 356, 356, 422, 435, 435, 503, 538, 582, 582, 595, 805, 818, 896, 911, 911, 962, 973, 987, 996, 1004, 1022, 1035, 1050, 1061, 1085, 1094, 1368, 1381, 1404, 1417, 1417, 1530, 1558]","['Affected', 'Distal', 'Flexion contracture', 'Limb joint contracture', 'Flexion contracture', 'Congenital contracture', 'Sporadic', 'Arthrogryposis multiplex congenita', 'Distal', 'Arthrogryposis multiplex congenita', 'Distal arthrogryposis', 'Autosomal dominant inheritance', 'Mode of inheritance', 'Autosomal dominant inheritance', 'Overlapping fingers', 'Camptodactyly', 'Abnormality of the foot', 'Positional foot deformity', 'Flexion contracture', 'Distal', 'Flexion contracture', 'Distal', 'Arthrogryposis multiplex congenita', 'Distal arthrogryposis', 'Cleft palate', 'Cleft lip', 'Microglossia', 'Trismus', 'Ptosis', 'Epicanthus', 'Keratoconus', 'Short stature', 'Scoliosis', 'Position', 'Dull', 'Distal', 'Flexion contracture', 'Autosomal dominant inheritance', 'Mode of inheritance', 'Autosomal dominant inheritance', 'Arachnodactyly', 'Camptodactyly']","['0032320', '0012839', '0001371', '0003121', '0001371', '0002803', '0003745', '0002804', '0012839', '0002804', '0005684', '0000006', '0000005', '0000006', '0010557', '0012385', '0001760', '0005656', '0001371', '0012839', '0001371', '0012839', '0002804', '0005684', '0000175', '0410030', '0000171', '0000211', '0000508', '0000286', '0000563', '0004322', '0002650', '0012830', '0025282', '0012839', '0001371', '0000006', '0000005', '0000006', '0001166', '0012385']"
149,"[22, 41, 32, 22, 157, 180, 216, 249, 471]","[31, 49, 49, 49, 164, 187, 233, 263, 478]","['Bilateral', 'Neuroma', 'Vestibular Schwannoma', 'Bilateral vestibular Schwannoma', 'Central', 'Neoplasm', 'Neurofibromas', 'Family history', 'Neoplasm']","['0012832', '0030430', '0009588', '0009589', '0030645', '0002664', '0001067', '0032316', '0002664']"
150,"[175, 182, 175, 269, 383, 427, 438, 512]","[181, 201, 201, 277, 388, 437, 456, 536]","['Severe', 'Intellectual disability', 'Intellectual disability, severe', 'Frequent', 'Axial', 'Unilateral', 'Cerebellar atrophy', 'Abnormality of the cerebellum']","['0012828', '0001249', '0010864', '0040282', '0025287', '0012833', '0001272', '0001317']"
151,"[156, 151, 145, 269, 264, 258]","[165, 165, 165, 278, 278, 278]","['Carcinoma', 'Hepatocellular carcinoma', 'Basal cell carcinoma', 'Carcinoma', 'Hepatocellular carcinoma', 'Basal cell carcinoma']","['0030731', '0001402', '0002671', '0030731', '0001402', '0002671']"
152,"[22, 32, 78, 68, 98, 218, 261]","[31, 50, 97, 97, 124, 227, 279]","['Bilateral', 'Branchial sinus', 'Growth delay', 'Postnatal growth retardation', 'Abnormal facial shape', 'Affected', 'Growth delay']","['0012832', '0100272', '0001510', '0008897', '0001999', '0032320', '0001510']"
153,"[67, 74, 67, 94, 116, 154, 167, 281]","[73, 93, 93, 103, 122, 166, 185, 298]","['Severe', 'Intellectual disability', 'Intellectual disability, severe', 'Seizures', 'Ataxia', 'Mandibular prognathia', 'Protruding tongue', 'Family history']","['0012828', '0001249', '0010864', '0001250', '0001251', '0000303', '0010808', '0032316']"
154,"[15, 4, 70, 59, 90, 85, 79, 418, 445, 437]","[20, 20, 74, 74, 100, 100, 100, 436, 456, 456]","['Nevus', 'Basal cell carcinoma', 'Nevus', 'Basal cell carcinoma', 'Carcinoma', 'Hepatocellular carcinoma', 'Basal cell carcinoma', 'Autosomal dominant inheritance', 'Mode of inheritance', 'Mode of inheritance']","['0003764', '0002671', '0003764', '0002671', '0030731', '0001402', '0002671', '0000006', '0000005', '0000005']"
155,[355],[362],['Seizures'],['0001250']
156,"[103, 98, 92, 308, 332, 332]","[112, 112, 112, 317, 336, 336]","['Carcinoma', 'Hepatocellular carcinoma', 'Basal cell carcinoma', 'Pulmonary cyst', 'Right', 'Left']","['0030731', '0001402', '0002671', '0032445', '0012834', '0012835']"
157,"[120, 109, 149, 162, 156, 199, 240, 250, 240, 283, 336, 420, 531, 540, 531]","[139, 139, 155, 182, 182, 211, 249, 258, 258, 300, 364, 431, 539, 555, 555]","['Flexion contracture', 'Congenital contracture', 'Severe', 'Deviation of finger', 'Ulnar deviation of finger', 'Flexion contracture', 'Bilateral', 'Talipes equinovarus', 'Bilateral talipes equinovarus', 'Short stature', 'Delayed ossification of carpal bones', 'Mode of inheritance', 'Distal', 'Arthrogryposis multiplex congenita', 'Distal arthrogryposis']","['0001371', '0002803', '0012828', '0004097', '0009465', '0001371', '0012832', '0001762', '0001776', '0004322', '0001216', '0000005', '0012839', '0002804', '0005684']"
158,"[183, 190, 183, 220, 250, 308, 339, 325, 494]","[189, 209, 209, 229, 259, 318, 350, 350, 513]","['Severe', 'Intellectual disability', 'Intellectual disability, severe', 'Seizures', 'Prolonged', 'Generalized hypotonia', 'Mandibular prognathia', 'Mandibular prognathia', 'Autosomal recessive inheritance']","['0012828', '0001249', '0010864', '0001250', '0025297', '0001290', '0000303', '0000303', '0000007']"
159,"[68, 327, 396, 403, 474, 558, 565, 558, 607, 661, 694, 754]","[86, 345, 402, 418, 490, 564, 578, 578, 622, 680, 702, 770]","['Preauricular pit', 'Autosomal dominant inheritance', 'Severe', 'Renal dysplasia', 'Preauricular pit', 'Severe', 'Hearing impairment', 'Severe hearing impairment', 'Family history', 'Hearing impairment', 'Affected', 'Renal dysplasia']","['0004467', '0000006', '0012828', '0000110', '0004467', '0012828', '0000365', '0012714', '0032316', '0000365', '0032320', '0000110']"
160,"[75, 255, 371, 380, 743, 790, 822, 814, 1048, 1131, 1196, 1381, 1412, 1431, 1423, 1621, 1655, 1692, 1762, 1753, 1784, 1775, 1798]","[92, 272, 379, 397, 757, 807, 832, 832, 1058, 1141, 1220, 1398, 1422, 1442, 1442, 1638, 1663, 1709, 1770, 1770, 1792, 1792, 1803]","['Neurofibromas', 'Neurofibromas', 'Sporadic', 'Neurofibromas', 'Cataract', 'Neurofibromas', 'Hamartoma', 'Retinal hamartoma', 'Cataract', 'Cataract', 'Abnormality of the eye', 'Neurofibromas', 'Cataract', 'Hamartoma', 'Retinal hamartoma', 'Neurofibromas', 'Cataract', 'Neurofibromas', 'Cataract', 'Capsular cataract', 'Cataract', 'Cortical cataract', 'Onset']","['0001067', '0001067', '0003745', '0001067', '0000518', '0001067', '0010566', '0009594', '0000518', '0000518', '0000478', '0001067', '0000518', '0010566', '0009594', '0001067', '0000518', '0001067', '0000518', '0100017', '0000518', '0100019', '0003674']"
161,"[395, 409, 424, 437, 467, 456, 480, 550, 578, 961, 1010]","[408, 423, 436, 455, 479, 479, 500, 566, 596, 970, 1020]","['Microcephaly', 'Brachycephaly', 'Wide mouth', 'Protruding tongue', 'Mandibular prognathia', 'Mandibular prognathia', 'Widely spaced teeth', 'Broad-based gait', 'Intellectual disability', 'Frequency', 'Scoliosis']","['0000252', '0000248', '0000154', '0010808', '0000303', '0000303', '0000687', '0002136', '0001249', '0040279', '0002650']"
162,"[45, 73, 63, 154, 302, 339, 329]","[53, 82, 82, 158, 310, 348, 348]","['Affected', 'Pterygium', 'Popliteal pterygium', 'Mild', 'Affected', 'Pterygium', 'Popliteal pterygium']","['0032320', '0001059', '0009756', '0012825', '0032320', '0001059', '0009756']"
163,"[47, 96, 127, 482, 471, 513, 534, 529, 586, 608, 600, 703, 692, 782, 806, 801, 829, 822, 849, 991, 1018, 1080, 1104, 1166, 1195, 1184, 1243, 1235, 1355, 1536]","[64, 110, 135, 493, 493, 519, 540, 540, 595, 618, 618, 714, 714, 791, 812, 812, 835, 835, 860, 1005, 1026, 1085, 1110, 1172, 1207, 1207, 1254, 1254, 1359, 1542]","['Neurofibromas', 'Heterogeneous', 'Affected', 'Schwannoma', 'Vestibular Schwannoma', 'Neoplasm', 'Neoplasm', 'Neoplasm of the skin', 'Cataract', 'Hamartoma', 'Retinal hamartoma', 'Schwannoma', 'Vestibular Schwannoma', 'Cataract', 'Neoplasm', 'Neoplasm of the skin', 'Neoplasm', 'Spinal cord tumor', 'Meningioma', 'Heterogeneous', 'Affected', 'Mild', 'Severe', 'Neoplasm', 'Schwannoma', 'Vestibular Schwannoma', 'Hamartoma', 'Retinal hamartoma', 'Mild', 'Severe']","['0001067', '0001425', '0032320', '0100008', '0009588', '0002664', '0002664', '0008069', '0000518', '0010566', '0009594', '0100008', '0009588', '0000518', '0002664', '0008069', '0002664', '0010302', '0002858', '0001425', '0032320', '0012825', '0012828', '0002664', '0100008', '0009588', '0010566', '0009594', '0012825', '0012828']"
164,"[140, 148, 560, 584, 619, 707, 727, 791, 810, 791, 1066, 1087, 1134]","[144, 154, 579, 593, 626, 726, 737, 809, 821, 821, 1074, 1098, 1142]","['Mild', 'Severe', 'Abnormal renal morphology', 'Frequent', 'Central', 'Neurodevelopmental delay', 'Generalized hypotonia', 'Autosomal dominant inheritance', 'Mode of inheritance', 'Autosomal dominant inheritance', 'Affected', 'Unaffected', 'Excluded']","['0012825', '0012828', '0012210', '0040282', '0030645', '0012758', '0001290', '0000006', '0000005', '0000006', '0032320', '0032321', '0040285']"
165,"[54, 72, 110, 117, 110, 292, 299, 292, 374, 381, 374, 413, 474, 526, 723, 737, 815]","[60, 87, 116, 132, 132, 298, 313, 313, 380, 395, 395, 427, 482, 532, 736, 753, 829]","['Severe', 'Spinal canal stenosis', 'Distal', 'Arthrogryposis multiplex congenita', 'Distal arthrogryposis', 'Distal', 'Arthrogryposis multiplex congenita', 'Distal arthrogryposis', 'Distal', 'Arthrogryposis multiplex congenita', 'Distal arthrogryposis', 'Arachnodactyly', 'Severity', 'Severe', 'Ectrodactyly', 'Biliary atresia', 'Arthrogryposis multiplex congenita']","['0012828', '0003416', '0012839', '0002804', '0005684', '0012839', '0002804', '0005684', '0012839', '0002804', '0005684', '0001166', '0012824', '0012828', '0100257', '0005912', '0002804']"
166,"[260, 294, 336, 678, 791, 840, 953, 1423, 1526, 1585]","[268, 302, 344, 686, 799, 858, 966, 1447, 1543, 1601]","['Sporadic', 'Sporadic', 'Sporadic', 'Sporadic', 'Sporadic', 'Uniparental disomy', 'Mode of inheritance', 'Hypopigmentation of the skin', 'Hypopigmentation of the skin', 'Hypopigmentation of the skin']","['0003745', '0003745', '0003745', '0003745', '0003745', '0032382', '0000005', '0001010', '0001010', '0001010']"
167,"[190, 185, 179, 623]","[199, 199, 199, 630]","['Carcinoma', 'Hepatocellular carcinoma', 'Basal cell carcinoma', 'Anemia']","['0030731', '0001402', '0002671', '0001903']"
168,"[111, 201, 346, 514, 700, 986]","[135, 214, 360, 522, 708, 1000]","['Contiguous gene syndrome', 'Hydrocephalus', 'Hydrocephalus', 'Affected', 'Localized', 'Hydrocephalus']","['0001466', '0000238', '0000238', '0032320', '0012838', '0000238']"
169,"[153, 290, 370, 362, 403, 446, 720, 902, 1324, 1502]","[172, 299, 381, 381, 421, 454, 728, 910, 1343, 1510]","['Uniparental disomy', 'Affected', 'Mode of inheritance', 'Mode of inheritance', 'Autosomal dominant inheritance', 'Sporadic', 'Sporadic', 'Sporadic', 'Uniparental disomy', 'Affected']","['0032382', '0032320', '0000005', '0000005', '0000006', '0003745', '0003745', '0003745', '0032382', '0032320']"
170,"[0, 0, 68, 75, 68, 109, 148, 148, 592, 635, 624, 676, 665]","[4, 9, 74, 89, 89, 117, 152, 158, 606, 646, 646, 693, 693]","['Clubbing', 'Talipes equinovarus', 'Distal', 'Arthrogryposis multiplex congenita', 'Distal arthrogryposis', 'Frequent', 'Clubbing', 'Talipes equinovarus', 'Heterogeneous', 'Flexion contracture', 'Congenital contracture', 'Abnormality of the foot', 'Positional foot deformity']","['0001217', '0001762', '0012839', '0002804', '0005684', '0040282', '0001217', '0001762', '0001425', '0001371', '0002803', '0001760', '0005656']"
171,"[18, 13, 7, 70, 138, 133, 127, 245]","[27, 27, 27, 76, 148, 148, 148, 250]","['Carcinoma', 'Hepatocellular carcinoma', 'Basal cell carcinoma', 'Neoplasm', 'Carcinoma', 'Hepatocellular carcinoma', 'Basal cell carcinoma', 'Neoplasm']","['0030731', '0001402', '0002671', '0002664', '0030731', '0001402', '0002671', '0002664']"
172,"[22, 17, 11, 54, 99, 369, 364, 358, 514, 532, 635, 630, 624, 652, 734, 729, 723, 779, 774, 871]","[31, 31, 31, 72, 121, 379, 379, 379, 527, 566, 646, 646, 646, 661, 746, 746, 746, 785, 785, 899]","['Carcinoma', 'Hepatocellular carcinoma', 'Basal cell carcinoma', 'Autosomal dominant inheritance', 'Variable expressivity', 'Carcinoma', 'Hepatocellular carcinoma', 'Basal cell carcinoma', 'Plantar pits', 'Calcification of falx cerebri', 'Carcinoma', 'Hepatocellular carcinoma', 'Basal cell carcinoma', 'Frequency', 'Carcinoma', 'Hepatocellular carcinoma', 'Basal cell carcinoma', 'Neoplasm', 'Neoplasm of the skin', 'Hyperpigmentation of the skin']","['0030731', '0001402', '0002671', '0000006', '0003828', '0030731', '0001402', '0002671', '0010612', '0005462', '0030731', '0001402', '0002671', '0040279', '0030731', '0001402', '0002671', '0002664', '0008069', '0000953']"
173,"[48, 43, 37, 107, 96, 183, 269, 428, 538, 533, 527]","[57, 57, 57, 112, 112, 191, 280, 439, 548, 548, 548]","['Carcinoma', 'Hepatocellular carcinoma', 'Basal cell carcinoma', 'Nevus', 'Basal cell carcinoma', 'Affected', 'Frequency', 'Frequency', 'Carcinoma', 'Hepatocellular carcinoma', 'Basal cell carcinoma']","['0030731', '0001402', '0002671', '0003764', '0002671', '0032320', '0040279', '0040279', '0030731', '0001402', '0002671']"
174,"[40, 98, 111, 252, 715, 745]","[58, 106, 127, 261, 723, 751]","['Autosomal dominant inheritance', 'Hearing impairment', 'Renal dysplasia', 'Localized', 'Proximal', 'Distal']","['0000006', '0000365', '0000110', '0012838', '0012840', '0012839']"
175,"[44, 44, 71]","[62, 67, 89]","['Autosomal dominant inheritance', 'Autosomal dominant inheritance', 'Hearing impairment']","['0000006', '0000006', '0000365']"
176,"[28, 81, 310, 392, 450, 658, 673, 667, 695, 702, 1034]","[45, 89, 318, 400, 456, 666, 680, 680, 701, 711, 1039]","['Neurofibromas', 'Affected', 'Affected', 'Proximal', 'Distal', 'Proximal', 'Sarcoma', 'Ewing sarcoma', 'Distal', 'Leukemia', 'Mild']","['0001067', '0032320', '0032320', '0012840', '0012839', '0012840', '0100242', '0012254', '0012839', '0001909', '0012825']"
177,"[46, 118, 228, 274, 387, 417]","[55, 136, 246, 292, 396, 435]","['Frequency', 'Uniparental disomy', 'Intellectual disability', 'Uniparental disomy', 'Frequency', 'Uniparental disomy']","['0040279', '0032382', '0001249', '0032382', '0040279', '0032382']"
178,"[105, 750, 910]","[110, 759, 919]","['Axial', 'Short ear', 'Short ear']","['0025287', '0400005', '0400005']"
179,"[203, 275, 286, 275, 419, 550]","[226, 285, 300, 300, 428, 554]","['Branchial anomaly', 'Unilateral', 'Renal agenesis', 'Unilateral renal agenesis', 'Bilateral', 'Mild']","['0009794', '0012833', '0000104', '0000122', '0012832', '0012825']"
180,"[139, 335, 327, 617, 823, 1010, 1233]","[161, 347, 347, 627, 829, 1016, 1244]","['human phenotypic abnormality', 'Mode of inheritance', 'Mode of inheritance', 'Unaffected', 'Distal', 'Distal', 'Mode of inheritance']","['0000118', '0000005', '0000005', '0032321', '0012839', '0012839', '0000005']"
181,"[63, 100, 216, 229, 281, 324, 368, 437, 437, 457, 477, 571, 603, 603, 623, 614, 664, 722, 722, 819, 879, 870, 898, 951, 992]","[80, 109, 224, 246, 290, 332, 376, 447, 447, 471, 494, 588, 613, 613, 632, 632, 674, 732, 732, 829, 888, 888, 904, 961, 1009]","['Neurofibromas', 'Affected', 'Cataract', 'Neurofibromas', 'Cataract', 'Affected', 'Excluded', 'Acral', 'Peripheral', 'Cataract', 'Neurofibromas', 'Neurofibromas', 'Acral', 'Peripheral', 'Cataract', 'Cortical cataract', 'Unaffected', 'Acral', 'Peripheral', 'Cataract', 'Cataract', 'Cortical cataract', 'Onset', 'Cataract', 'Neurofibromas']","['0001067', '0032320', '0000518', '0001067', '0000518', '0032320', '0040285', '0025292', '0030646', '0000518', '0001067', '0001067', '0025292', '0030646', '0000518', '0100019', '0032321', '0025292', '0030646', '0000518', '0000518', '0100019', '0003674', '0000518', '0001067']"
182,"[107, 102, 96, 166, 304, 299, 293, 485, 500, 530, 522, 544, 600, 610, 760]","[116, 116, 116, 177, 314, 314, 314, 492, 515, 537, 537, 556, 606, 618, 768]","['Carcinoma', 'Hepatocellular carcinoma', 'Basal cell carcinoma', 'Frequency', 'Carcinoma', 'Hepatocellular carcinoma', 'Basal cell carcinoma', 'Fibroma', 'Medulloblastoma', 'Fibroma', 'Cardiac fibroma', 'Cleft palate', 'Strabismus', 'Cataract', 'Affected']","['0030731', '0001402', '0002671', '0040279', '0030731', '0001402', '0002671', '0010614', '0002885', '0010614', '0010617', '0000175', '0000486', '0000518', '0032320']"
183,"[18, 13, 7, 56, 45, 164, 159, 153, 405, 642, 831]","[27, 27, 27, 61, 61, 174, 174, 174, 413, 656, 839]","['Carcinoma', 'Hepatocellular carcinoma', 'Basal cell carcinoma', 'Nevus', 'Basal cell carcinoma', 'Carcinoma', 'Hepatocellular carcinoma', 'Basal cell carcinoma', 'Sporadic', 'Heterogeneous', 'Sporadic']","['0030731', '0001402', '0002671', '0003764', '0002671', '0030731', '0001402', '0002671', '0003745', '0001425', '0003745']"
184,"[0, 123, 336, 369, 515]","[17, 131, 353, 377, 521]","['Neurofibromas', 'Neoplasm', 'Somatic mutation', 'Neoplasm', 'Neoplasm']","['0001067', '0002664', '0001428', '0002664', '0002664']"
185,"[0, 87, 101, 87, 139, 160, 149, 139, 1239]","[17, 93, 108, 124, 148, 172, 172, 172, 1247]","['Neurofibromas', 'Neoplasm', 'Central', 'Neoplasm of the central nervous system', 'Bilateral', 'Schwannoma', 'Vestibular Schwannoma', 'Bilateral vestibular Schwannoma', 'Periodic']","['0001067', '0002664', '0030645', '0100006', '0012832', '0100008', '0009588', '0009589', '0025304']"
186,"[140, 416, 531, 547, 1043]","[156, 425, 540, 557, 1059]","['Hypopigmentation of the skin', 'Albinism', 'Nystagmus', 'Strabismus', 'Hypopigmentation of the skin']","['0001010', '0001022', '0000639', '0000486', '0001010']"
187,[412],[445],['Dilatated internal auditory canal'],['0004458']
188,"[15, 247, 257, 247, 320, 312, 352, 402, 420, 535, 565, 575, 597, 668, 741, 751, 761, 751]","[22, 256, 275, 275, 328, 328, 361, 413, 428, 550, 574, 589, 616, 674, 750, 760, 779, 779]","['Seizures', 'Myoclonus', 'Status epilepticus', 'Myoclonic status epilepticus', 'Seizures', 'Focal-onset seizure', 'Vomiting', 'Seizures', 'Seizures', 'Nonprogressive', 'Myoclonus', 'Encephalopathy', 'Prominent occiput', 'Ataxia', 'Transient', 'Myoclonus', 'Status epilepticus', 'Myoclonic status epilepticus']","['0001250', '0001336', '0002133', '0032667', '0001250', '0007359', '0002013', '0001250', '0001250', '0003680', '0001336', '0001298', '0000269', '0001251', '0025153', '0001336', '0002133', '0032667']"
189,"[8, 0, 128, 254, 246, 298, 380, 1032, 1060]","[21, 21, 138, 267, 267, 306, 386, 1040, 1073]","['Brachydactyly', 'Type A1 brachydactyly', 'Occasional', 'Brachydactyly', 'Type A1 brachydactyly', 'Affected', 'Distal', 'Excluded', 'Brachydactyly']","['0001156', '0009371', '0040283', '0001156', '0009371', '0032320', '0012839', '0040285', '0001156']"
190,"[15, 4, 120, 151, 146, 140, 192, 243, 265, 619]","[20, 20, 128, 161, 161, 161, 199, 259, 273, 624]","['Nevus', 'Basal cell carcinoma', 'Neoplasm', 'Carcinoma', 'Hepatocellular carcinoma', 'Basal cell carcinoma', 'Neoplasm', 'Somatic mutation', 'Sporadic', 'Neoplasm']","['0003764', '0002671', '0002664', '0030731', '0001402', '0002671', '0002664', '0001428', '0003745', '0002664']"
191,"[99, 99, 509, 534, 663, 683, 706, 725, 742]","[113, 113, 517, 551, 682, 705, 724, 737, 754]","['Abnormality of the outer ear', 'Abnormality of the ear', 'Affected', 'Anal atresia', 'Limbal dermoid', 'Hemifacial hypoplasia', 'Preauricular skin tag', 'Wide mouth', 'Micrognathia']","['0000356', '0000598', '0032320', '0002023', '0001140', '0011332', '0000384', '0000154', '0000347']"
192,"[22, 17, 11, 55, 120, 115, 109, 204, 291, 385, 639]","[31, 31, 31, 73, 130, 130, 130, 211, 299, 390, 646]","['Carcinoma', 'Hepatocellular carcinoma', 'Basal cell carcinoma', 'Autosomal dominant inheritance', 'Carcinoma', 'Hepatocellular carcinoma', 'Basal cell carcinoma', 'Neoplasm', 'Sporadic', 'Neoplasm', 'Neoplasm']","['0030731', '0001402', '0002671', '0000006', '0030731', '0001402', '0002671', '0002664', '0003745', '0002664', '0002664']"
193,"[0, 35, 56, 45, 35, 89, 101, 151, 301, 290, 329, 457, 820, 812, 855, 884, 879, 908, 1256, 1296, 1325, 1406, 1579, 1571, 1683, 1675, 1701]","[17, 44, 68, 68, 68, 96, 111, 157, 312, 312, 336, 463, 825, 825, 867, 891, 891, 917, 1261, 1305, 1332, 1412, 1584, 1584, 1693, 1693, 1721]","['Neurofibromas', 'Bilateral', 'Schwannoma', 'Vestibular Schwannoma', 'Bilateral vestibular Schwannoma', 'Neoplasm', 'Cataract', 'Neoplasm', 'Schwannoma', 'Vestibular Schwannoma', 'Neoplasm', 'Severe', 'Onset', 'Onset', 'Meningioma', 'Neoplasm', 'Neoplasm of the skin', 'Cataract', 'Onset', 'Frequency', 'Neoplasm', 'Severe', 'Onset', 'Onset', 'Hamartoma', 'Retinal hamartoma', 'Epiretinal membrane']","['0001067', '0012832', '0100008', '0009588', '0009589', '0002664', '0000518', '0002664', '0100008', '0009588', '0002664', '0012828', '0003674', '0003674', '0002858', '0002664', '0008069', '0000518', '0003674', '0040279', '0002664', '0012828', '0003674', '0003674', '0010566', '0009594', '0100014']"
194,"[25, 238, 267, 305, 379, 1072, 1081, 1392, 1477, 1514]","[42, 244, 273, 309, 392, 1080, 1088, 1398, 1483, 1518]","['Neurofibromas', 'Severe', 'Neoplasm', 'Mild', 'Heterogeneous', 'Sporadic', 'Neoplasm', 'Severe', 'Affected', 'Mild']","['0001067', '0012828', '0002664', '0012825', '0001425', '0003745', '0002664', '0012828', '0032320', '0012825']"
195,"[22, 87, 82, 76, 99, 125, 117, 179, 253, 422, 556, 971, 1002, 991, 1020, 1230, 1283, 1626]","[40, 98, 98, 98, 116, 134, 134, 187, 275, 428, 562, 990, 1015, 1015, 1038, 1237, 1292, 1644]","['Autosomal dominant inheritance', 'Carcinoma', 'Hepatocellular carcinoma', 'Basal cell carcinoma', 'Medulloblastoma', 'Fibroma', 'Ovarian fibroma', 'Affected', 'Phenotypic variability', 'Neoplasm', 'Anemia', 'Intellectual disability', 'Hearing impairment', 'Conductive hearing impairment', 'Failure to thrive', 'Neoplasm', 'Neoplasm', 'Somatic mutation']","['0000006', '0030731', '0001402', '0002671', '0002885', '0010614', '0010618', '0032320', '0003812', '0002664', '0001903', '0001249', '0000365', '0000405', '0001508', '0002664', '0002664', '0001428']"
196,"[43, 50, 43, 70, 108, 132, 146, 329]","[49, 69, 69, 84, 131, 141, 176, 347]","['Severe', 'Intellectual disability', 'Intellectual disability, severe', 'Absent speech', 'Inappropriate laughter', 'Seizures', 'EEG abnormality', 'Uniparental disomy']","['0012828', '0001249', '0010864', '0001344', '0000748', '0001250', '0002353', '0032382']"
197,"[40, 85, 108, 126, 179]","[58, 107, 121, 142, 188]","['Autosomal dominant inheritance', 'Branchial anomaly', 'Hearing impairment', 'Abnormality of the kidney', 'Localized']","['0000006', '0009794', '0000365', '0000077', '0012838']"
198,"[47, 57, 47, 47, 79, 89, 79, 115, 108, 144, 144, 217, 249, 281, 302, 362, 367, 396, 415, 436, 717]","[56, 66, 66, 78, 88, 103, 103, 126, 126, 148, 148, 233, 276, 290, 332, 366, 383, 410, 424, 465, 742]","['Bilateral', 'Cleft lip', 'Bilateral cleft lip', 'Bilateral cleft lip and palate', 'Bilateral', 'Microphthalmia', 'Bilateral microphthalmos', 'Coloboma', 'Coloboma', 'Right', 'Left', 'Abnormality of the face', 'Abnormality of the philtrum', 'Bilateral', 'Nasolacrimal duct obstruction', 'Mild', 'Abnormality of the face', 'Short philtrum', 'Bilateral', 'Nasolacrimal duct obstruction', 'Abnormality of the eye']","['0012832', '0410030', '0100336', '0002744', '0012832', '0000568', '0007633', '0000589', '0000589', '0012834', '0012835', '0000271', '0000288', '0012832', '0000579', '0012825', '0000271', '0000322', '0012832', '0000579', '0000478']"
199,"[42, 49, 42, 142, 131, 122, 162]","[48, 63, 63, 154, 154, 154, 168]","['Distal', 'Arthrogryposis multiplex congenita', 'Distal arthrogryposis', 'Flexion contracture', 'Congenital contracture', 'Arthrogryposis multiplex congenita', 'Distal']","['0012839', '0002804', '0005684', '0001371', '0002803', '0002804', '0012839']"
200,"[71, 85, 92, 85, 175, 243, 271, 271, 469, 478, 557, 600]","[79, 91, 106, 106, 194, 260, 278, 290, 477, 488, 565, 608]","['Affected', 'Distal', 'Arthrogryposis multiplex congenita', 'Distal arthrogryposis', 'Overlapping fingers', 'Abnormality of the foot', 'Talipes', 'Talipes equinovarus', 'Excluded', 'Unaffected', 'Affected', 'Affected']","['0032320', '0012839', '0002804', '0005684', '0010557', '0001760', '0001883', '0001762', '0040285', '0032321', '0032320', '0032320']"
201,"[270, 389, 705, 785, 845, 896, 937, 1006, 1065, 1110, 1186, 1283, 1276, 1668, 1675, 1668, 1695, 1730, 1855, 1905]","[279, 396, 718, 794, 865, 904, 942, 1014, 1077, 1126, 1195, 1288, 1288, 1674, 1694, 1694, 1701, 1743, 1866, 1914]","['Sporadic', 'Ataxia', 'Short stature', 'Generalized hypotonia', 'Feeding difficulties', 'Seizures', 'Onset', 'Seizures', 'EEG abnormality', 'Hypopigmentation of the skin', 'Albinism', 'Onset', 'Onset', 'Severe', 'Intellectual disability', 'Intellectual disability, severe', 'Ataxia', 'EEG abnormality', 'Wide mouth', 'Frequency']","['0003745', '0001251', '0004322', '0001290', '0011968', '0001250', '0003674', '0001250', '0002353', '0001010', '0001022', '0003674', '0003674', '0012828', '0001249', '0010864', '0001251', '0002353', '0000154', '0040279']"
202,"[0, 27, 293, 397]","[13, 45, 306, 406]","['Brachydactyly', 'Autosomal dominant inheritance', 'Brachydactyly', 'Localized']","['0001156', '0000006', '0001156', '0012838']"
203,"[122, 117, 111, 171, 191, 186, 180, 227, 759, 791, 897]","[131, 131, 131, 179, 202, 202, 202, 249, 779, 813, 905]","['Carcinoma', 'Hepatocellular carcinoma', 'Basal cell carcinoma', 'Sporadic', 'Carcinoma', 'Hepatocellular carcinoma', 'Basal cell carcinoma', 'Phenotypic variability', 'Phenotypic variability', 'Phenotypic variability', 'Position']","['0030731', '0001402', '0002671', '0003745', '0030731', '0001402', '0002671', '0003812', '0003812', '0003812', '0012830']"
204,"[41, 61, 71, 106, 349, 494]","[60, 70, 79, 120, 367, 512]","['Intellectual disability', 'Seizures', 'Frequent', 'Gait disturbance', 'Uniparental disomy', 'Uniparental disomy']","['0001249', '0001250', '0040282', '0001288', '0032382', '0032382']"
205,"[0, 7, 0, 140, 129, 120, 466, 594]","[6, 21, 21, 153, 153, 153, 474, 602]","['Distal', 'Arthrogryposis multiplex congenita', 'Distal arthrogryposis', 'Flexion contracture', 'Congenital contracture', 'Arthrogryposis multiplex congenita', 'Localized', 'Ameliorated by']","['0012839', '0002804', '0005684', '0001371', '0002803', '0002804', '0012838', '0025254']"
206,"[0, 140, 418, 481, 517, 564, 745, 771, 781, 881, 932, 962, 1136, 1194, 1274]","[13, 158, 426, 494, 525, 573, 753, 780, 800, 894, 945, 971, 1144, 1207, 1287]","['Brachydactyly', 'Autosomal dominant inheritance', 'Affected', 'Brachydactyly', 'Affected', 'Affected', 'Affected', 'Bilateral', 'Madelung deformity', 'Brachydactyly', 'Brachydactyly', 'Localized', 'Excluded', 'Heterogeneous', 'Brachydactyly']","['0001156', '0000006', '0032320', '0001156', '0032320', '0032320', '0032320', '0012832', '0003067', '0001156', '0001156', '0012838', '0040285', '0001425', '0001156']"
207,"[18, 13, 7, 65, 229, 224, 218, 241, 296, 314, 381, 615, 610, 604, 647, 741, 952, 1061, 1077, 1116, 1108, 1195, 1281, 1328, 1359, 1350, 1380, 1402, 1426, 1455, 1520, 1619, 1638, 1660, 1869, 1894, 1905, 1923, 1923, 1997, 2045]","[27, 27, 27, 83, 240, 240, 240, 264, 309, 348, 389, 624, 624, 624, 652, 750, 957, 1072, 1089, 1124, 1124, 1210, 1290, 1341, 1371, 1371, 1393, 1417, 1442, 1473, 1553, 1629, 1651, 1690, 1893, 1904, 1918, 1935, 1944, 2005, 2054]","['Carcinoma', 'Hepatocellular carcinoma', 'Basal cell carcinoma', 'Autosomal dominant inheritance', 'Carcinoma', 'Hepatocellular carcinoma', 'Basal cell carcinoma', 'Odontogenic keratocysts of the jaw', 'Abnormality of the ribs', 'Calcification of falx cerebri', 'Affected', 'Carcinoma', 'Hepatocellular carcinoma', 'Basal cell carcinoma', 'Neoplasm', 'Excluded', 'Neoplasm', 'Palmar pits', 'Plantar pits', 'Fibroma', 'Ovarian fibroma', 'Medulloblastoma', 'Cleft lip', 'Coarse facial features', 'Macrocephaly', 'Relative macrocephaly', 'Hypertelorism', 'Frontal bossing', 'Abnormality of the sternum', 'Sprengel anomaly', 'Calcification of falx cerebri', 'Bifid ribs', 'Hemivertebrae', 'Vertebral fusion', 'Short 4th metacarpal', 'Scoliosis', 'Cervical ribs', 'Spina bifida', 'Spina bifida occulta', 'Affected', 'Frequency']","['0030731', '0001402', '0002671', '0000006', '0030731', '0001402', '0002671', '0010603', '0000772', '0005462', '0032320', '0030731', '0001402', '0002671', '0002664', '0040285', '0002664', '0010610', '0010612', '0010614', '0010618', '0002885', '0410030', '0000280', '0000256', '0004482', '0000316', '0002007', '0000766', '0000912', '0005462', '0000892', '0002937', '0002948', '0010044', '0002650', '0000891', '0002414', '0003298', '0032320', '0040279']"
208,"[51, 89, 84, 78, 172, 167, 161, 225, 310, 361, 716, 834, 944, 1226]","[66, 98, 98, 98, 181, 181, 181, 241, 326, 376, 732, 843, 971, 1242]","['Medulloblastoma', 'Carcinoma', 'Hepatocellular carcinoma', 'Basal cell carcinoma', 'Carcinoma', 'Hepatocellular carcinoma', 'Basal cell carcinoma', 'Medulloblastoma', 'Medulloblastoma', 'Medulloblastoma', 'Medulloblastoma', 'Affected', 'Hyperpigmentation of the skin', 'Medulloblastoma']","['0002885', '0030731', '0001402', '0002671', '0030731', '0001402', '0002671', '0002885', '0002885', '0002885', '0002885', '0032320', '0000953', '0002885']"
209,"[256, 263, 288, 327, 345, 364, 920, 945, 964, 1008, 1184, 1235, 1457, 1514, 1751, 1885, 1898]","[262, 287, 294, 342, 363, 373, 931, 959, 976, 1018, 1199, 1244, 1466, 1520, 1757, 1893, 1909]","['Severe', 'Intellectual disability', 'Ataxia', 'Absent speech', 'Happy demeanor', 'Seizures', 'Wide mouth', 'Deeply set eye', 'Microcephaly', 'Macrocephaly', 'Happy demeanor', 'Seizures', 'Kyphosis', 'Ataxia', 'Severe', 'Kyphosis', 'Keratoconus']","['0012828', '0001249', '0001251', '0001344', '0040082', '0001250', '0000154', '0000490', '0000252', '0000256', '0040082', '0001250', '0002808', '0001251', '0012828', '0002808', '0000563']"
210,"[0, 24, 48, 94, 149, 172, 374, 398, 478, 502, 1083, 1306, 1330]","[17, 41, 66, 102, 155, 182, 391, 415, 495, 519, 1100, 1323, 1347]","['Neurofibromas', 'Neurofibromas', 'Autosomal dominant inheritance', 'Affected', 'Neoplasm', 'Frequency', 'Neurofibromas', 'Neurofibromas', 'Neurofibromas', 'Neurofibromas', 'Neurofibromas', 'Neurofibromas', 'Neurofibromas']","['0001067', '0001067', '0000006', '0032320', '0002664', '0040279', '0001067', '0001067', '0001067', '0001067', '0001067', '0001067', '0001067']"
211,"[66, 128, 149, 138, 128, 184, 171, 200, 327, 437, 555]","[83, 137, 161, 161, 161, 195, 195, 211, 335, 443, 560]","['Neurofibromas', 'Bilateral', 'Schwannoma', 'Vestibular Schwannoma', 'Bilateral vestibular Schwannoma', 'Meningioma', 'Intracranial meningioma', 'Schwannoma', 'Proximal', 'Affected', 'Neoplasm']","['0001067', '0012832', '0100008', '0009588', '0009589', '0002858', '0100009', '0100008', '0012840', '0032320', '0002664']"
212,"[45, 35, 589, 655, 648, 763, 952, 982, 982, 1040, 1026, 1012, 1090, 1128, 1157, 1157, 1194, 1180, 1166, 1224, 1360, 1405, 1422, 1521]","[54, 54, 598, 668, 668, 776, 959, 989, 989, 1047, 1047, 1047, 1097, 1142, 1165, 1165, 1201, 1201, 1201, 1231, 1379, 1412, 1435, 1534]","['Neoplasm', 'Neoplasm of the endocrine system', 'Frequency', 'Angiofibromas', 'Adenoma sebaceum', 'Angiofibromas', 'Macule', 'Multiple lipomas', 'Lipoma', 'Macule', 'Hypopigmented macule', 'Confetti-like hypopigmented macules', 'Papule', 'Angiofibromas', 'Multiple lipomas', 'Lipoma', 'Macule', 'Hypopigmented macule', 'Confetti-like hypopigmented macules', 'Papule', 'Hyperparathyroidism', 'Neoplasm', 'Angiofibromas', 'Angiofibromas']","['0002664', '0100568', '0040279', '0010615', '0009720', '0010615', '0012733', '0001012', '0012032', '0012733', '0020073', '0007449', '0200034', '0010615', '0001012', '0012032', '0012733', '0020073', '0007449', '0200034', '0000843', '0002664', '0010615', '0010615']"
213,"[242, 698]","[253, 716]","['Mode of inheritance', 'Intellectual disability']","['0000005', '0001249']"
214,"[138, 138, 852]","[152, 152, 860]","['Abnormality of the outer ear', 'Abnormality of the ear', 'Sporadic']","['0000356', '0000598', '0003745']"
215,"[18, 13, 7, 138, 193, 193, 293, 455]","[27, 27, 27, 147, 197, 197, 309, 464]","['Carcinoma', 'Hepatocellular carcinoma', 'Basal cell carcinoma', 'Exotropia', 'Right', 'Left', 'Plantar pits', 'Exotropia']","['0030731', '0001402', '0002671', '0000577', '0012834', '0012835', '0010612', '0000577']"
216,"[12, 125, 546, 660, 694, 713, 802, 829, 856, 980, 1008, 1013, 1090, 1083, 1174, 1181, 1225, 1319, 1324, 1426, 1433]","[20, 143, 553, 665, 700, 722, 813, 837, 872, 988, 1012, 1021, 1099, 1099, 1180, 1190, 1244, 1323, 1333, 1432, 1441]","['Seizures', 'Uniparental disomy', 'Diffuse', 'Sharp', 'Severe', 'Seizures', 'Generalized', 'Seizures', 'Epileptic spasms', 'Seizures', 'Mild', 'Seizures', 'Seizures', 'Atonic seizure', 'Severe', 'Seizures', 'Uniparental disomy', 'Mild', 'Seizures', 'Severe', 'Seizures']","['0001250', '0032382', '0020034', '0025281', '0012828', '0001250', '0012837', '0001250', '0011097', '0001250', '0012825', '0001250', '0001250', '0010819', '0012828', '0001250', '0032382', '0012825', '0001250', '0012828', '0001250']"
217,"[111, 394, 549, 1273]","[130, 400, 557, 1292]","['Intellectual disability', 'Severe', 'Proximal', 'Uniparental disomy']","['0001249', '0012828', '0012840', '0032382']"
218,"[11, 388]","[24, 406]","['Heterogeneous', 'Uniparental disomy']","['0001425', '0032382']"
219,"[214, 237, 260, 271, 294, 432]","[231, 245, 266, 279, 310, 444]","['Intellectual disability', 'Euphoria', 'Ataxia', 'Seizures', 'Infantile spasms', 'Progressive']","['0001249', '0031844', '0001251', '0001250', '0012469', '0003676']"
220,"[64, 93, 114, 103, 93, 466, 459, 691, 684, 903, 937, 926, 1290]","[81, 102, 125, 125, 125, 471, 471, 696, 696, 910, 947, 947, 1296]","['Neurofibromas', 'Bilateral', 'Schwannoma', 'Vestibular Schwannoma', 'Bilateral vestibular Schwannoma', 'Onset', 'Onset', 'Onset', 'Onset', 'Neoplasm', 'Schwannoma', 'Vestibular Schwannoma', 'Severe']","['0001067', '0012832', '0100008', '0009588', '0009589', '0003674', '0003674', '0003674', '0003674', '0002664', '0100008', '0009588', '0012828']"
221,"[110, 421]","[119, 430]","['Papilloma', 'Seizures']","['0012740', '0001250']"
222,"[95, 86, 116, 104, 188, 470, 461, 651, 715, 837, 1039, 1110, 2192, 2183]","[103, 103, 129, 129, 193, 478, 478, 656, 720, 842, 1044, 1116, 2200, 2200]","['Neuroma', 'Vestibular Schwannoma', 'Schwannoma', 'Vestibular Schwannoma', 'Neoplasm', 'Neuroma', 'Vestibular Schwannoma', 'Neoplasm', 'Neoplasm', 'Neoplasm', 'Neoplasm', 'Neoplasm', 'Neuroma', 'Vestibular Schwannoma']","['0030430', '0009588', '0100008', '0009588', '0002664', '0030430', '0009588', '0002664', '0002664', '0002664', '0002664', '0002664', '0030430', '0009588']"
223,"[46, 570, 670, 686, 699]","[56, 588, 681, 693, 710]","['Overgrowth', 'Uniparental disomy', 'Polyphagia', 'Obesity', 'Overgrowth']","['0001548', '0032382', '0002591', '0001513', '0001548']"
224,"[26, 48, 37, 26, 120, 170, 226, 311, 333, 322, 311, 394, 440, 469, 548, 636, 810, 841, 872, 971, 993, 982, 971]","[36, 59, 59, 59, 137, 179, 233, 321, 344, 344, 344, 401, 454, 476, 554, 645, 816, 849, 879, 981, 1003, 1003, 1003]","['Unilateral', 'Schwannoma', 'Vestibular Schwannoma', 'Unilateral vestibular Schwannoma', 'Neurofibromas', 'Bilateral', 'Neoplasm', 'Unilateral', 'Schwannoma', 'Vestibular Schwannoma', 'Unilateral vestibular Schwannoma', 'Neoplasm', 'Family history', 'Neoplasm', 'Neoplasm', 'Excluded', 'Neoplasm', 'Sporadic', 'Neoplasm', 'Unilateral', 'Schwannoma', 'Vestibular Schwannoma', 'Unilateral vestibular Schwannoma']","['0012833', '0100008', '0009588', '0009590', '0001067', '0012832', '0002664', '0012833', '0100008', '0009588', '0009590', '0002664', '0032316', '0002664', '0002664', '0040285', '0002664', '0003745', '0002664', '0012833', '0100008', '0009588', '0009590']"
225,"[108, 103, 97, 149, 169, 164, 158, 184, 239, 266, 286, 716, 711, 705, 734, 809, 877, 872, 866, 953]","[117, 117, 117, 157, 179, 179, 179, 201, 245, 275, 295, 726, 726, 726, 751, 824, 887, 887, 887, 961]","['Carcinoma', 'Hepatocellular carcinoma', 'Basal cell carcinoma', 'Sporadic', 'Carcinoma', 'Hepatocellular carcinoma', 'Basal cell carcinoma', 'Medulloblastoma', 'Neoplasm', 'Localized', 'Upper limb undergrowth', 'Carcinoma', 'Hepatocellular carcinoma', 'Basal cell carcinoma', 'Medulloblastoma', 'Medulloblastoma', 'Carcinoma', 'Hepatocellular carcinoma', 'Basal cell carcinoma', 'Neoplasm']","['0030731', '0001402', '0002671', '0003745', '0030731', '0001402', '0002671', '0002885', '0002664', '0012838', '0009824', '0030731', '0001402', '0002671', '0002885', '0002885', '0030731', '0001402', '0002671', '0002664']"
226,[],[],[],[]
227,"[17, 48, 98, 139, 161, 222, 239, 298, 383, 428, 485]","[35, 66, 106, 156, 167, 235, 254, 310, 397, 445, 500]","['Autosomal dominant inheritance', 'Preauricular pit', 'Hearing impairment', 'Preauricular pit', 'Severe', 'Potter facies', 'Renal agenesis', 'Pneumothorax', 'Renal agenesis', 'Preauricular pit', 'Abnormality of the kidney']","['0000006', '0004467', '0000365', '0004467', '0012828', '0002009', '0000104', '0002107', '0000104', '0004467', '0000077']"
