file,HPO_codes,HPO_symptoms,starts,ends
8042672,"['0002671', '0002671', '0002671', '0000953']","['basal cell carcinoma', 'basal cell carcinomas', 'jaw cysts', 'palmar and/or', 'plantar', 'pits', 'calcification of the falx cerebri', 'autosomal', 'basal cell carcinomas', 'dominant', 'basal cell carcinomas', 'skin', 'tumors', 'increased skin pigmentation', 'variable expressivity']","['11', '358', '489', '500', '514', '522', '532', '54', '624', '64', '723', '774', '779', '871', '99']","['31', '379', '498', '513', '521', '526', '565', '63', '645', '72', '744', '778', '785', '898', '120']"
1307249,[],"['branchial', ', renal and auditory development', 'genetic', 'heterogeneity', 'clinical', 'variability', 'autosomal', 'autosomal', 'dominant', 'dominant', 'disorder', 'variable', 'manifestations affecting']","['116', '125', '302', '310', '340', '349', '40', '474', '484', '50', '59', '73', '91']","['125', '157', '309', '323', '348', '360', '49', '483', '492', '58', '67', '81', '115']"
10771486,"['0100008', '0001067', '0001067', '0001067', '0001067', '0001067', '0100008', '0001067', '0001067', '0100008']","['Schwannomas in the skin', 'skin', 'schwannomas', 'skin', 'tumors', 'neurofibromatosis', 'skin', 'tumors', 'skin', 'neurofibromatosis', 'tumors', 'neurofibromatosis', 'skin', 'tumors', 'skin', 'tumors', 'neurofibromatosis', 'skin', 'tumors', 'neurofibromatosis', 'skin', 'tumors', 'schwannomas', 'neurofibromas', 'neurofibromatosis', 'neurofibromatosis', 'tumors', 'tumors', 'vestibular', 'schwannomas', 'meningiomas']","['0', '1011', '1016', '1086', '1091', '1119', '1150', '1155', '116', '1198', '121', '1252', '1385', '1390', '1428', '1433', '189', '217', '222', '275', '360', '365', '376', '397', '420', '51', '652', '788', '886', '897', '913']","['23', '1015', '1027', '1090', '1097', '1136', '1154', '1161', '120', '1215', '127', '1269', '1389', '1396', '1432', '1439', '206', '221', '228', '292', '364', '371', '387', '410', '437', '68', '658', '794', '896', '908', '924']"
1348213,"['0002664', '0002664', '0002671', '0002671', '0002671', '0002664']","['ovarian fibromas', 'medulloblastomas', 'cancer', 'developmental defects', 'autosomal', 'tumor', 'dominant', 'sporadic', 'basal cell carcinomas', 'disorder', 'basal cell carcinomas', 'ovarian fibroma', 'sporadic', 'basal cell carcinomas', 'tumors', 'basal cell carcinomas of the skin', 'tumors', 'tumor']","['105', '127', '195', '226', '22', '325', '32', '393', '402', '41', '438', '478', '573', '582', '625', '70', '869', '955']","['121', '143', '201', '247', '31', '330', '40', '401', '423', '49', '459', '493', '581', '603', '631', '103', '875', '960']"
9024575,[],"['Brachydactyly type C', 'hand and', 'foot anomalies', 'locus', 'heterogeneity', 'interfamilial', 'variability', 'brachydactyly type C', 'autosomal', 'dominant', 'trait', 'variable', 'shortness of the second and fifth middle phalanges', 'brachydactyly type C', 'Madelung deformity', 'foot involvement', 'brachydactyly', 'brachydactyly type C']","['0', '1076', '1085', '1188', '1194', '1235', '1249', '1274', '140', '150', '159', '194', '41', '481', '781', '814', '881', '932']","['20', '1084', '1099', '1193', '1207', '1248', '1260', '1294', '149', '158', '164', '202', '91', '501', '799', '830', '894', '952']"
1619642,[],"['autosomal', 'dominant', 'transmission', 'autosomal recessive', 'form', 'germline mosaicism', 'dominant', 'orbital haemangiomatous cysts']","['241', '251', '260', '314', '334', '342', '369', '78']","['250', '259', '272', '333', '338', '360', '377', '107']"
8832722,['0000568'],"['ocular colobomata', 'dysplastic left kidney', 'facial anomalies', 'abnormality of the philtrum', 'young', 'nasolacrimal duct obstruction', 'facial anomalies', 'short philtrum', 'nasolacrimal duct obstruction', 'bilateral', 'ocular abnormalities', 'cleft lip and palate', 'dominantly inherited', 'developmental', 'abnormalities of the eye', 'bilateral', 'microphthalmos', 'facial structures']","['108', '133', '217', '249', '2', '302', '367', '396', '436', '47', '493', '57', '642', '703', '717', '79', '89', '938']","['125', '155', '233', '276', '7', '331', '383', '410', '465', '56', '513', '77', '662', '716', '741', '88', '103', '955']"
7849713,[],"['de novo', 'hydrocephalus', 'trapeze aplasia', 'hydrocephalus', 'dominant form', 'hydrocephalus']","['18', '201', '219', '346', '969', '986']","['25', '214', '234', '359', '982', '999']"
6741990,"['0009778', '0001627', '0001627', '0000365', '0002023']","['hypoplastic thumb', 'congenital heart defect', 'sensorineural', 'congenital heart defect', 'deafness', 'auricular changes', 'internal organs', 'imperforate anus', 'autosomal', 'dominant', 'trait', 'de novo mutation', 'rectovaginal fistula']","['101', '124', '33', '466', '47', '491', '575', '57', '611', '621', '630', '670', '79']","['118', '147', '46', '489', '55', '508', '590', '73', '620', '629', '635', '686', '99']"
15190457,[],"['Neurofibromatosis', 'tumors', 'intrafamilial correlations', 'intracranial', 'meningiomas', 'spinal', 'tumors', 'cranial nerve', 'intracranial', 'meningiomas', 'spinal', 'tumors', 'tumors', 'nervous system', 'tumors', 'autosomal', 'tumors', 'dominant', 'tumors', 'intrafamilial correlation', 'intracranial', 'meningiomas', 'spinal', 'tumors', 'tumors', 'tumors', 'somatic mosaicism']","['0', '1012', '1129', '1160', '1173', '1189', '1196', '128', '1366', '1379', '1392', '1399', '1428', '162', '177', '32', '370', '42', '459', '708', '806', '819', '832', '839', '84', '868', '970']","['17', '1018', '1155', '1172', '1184', '1195', '1202', '141', '1378', '1390', '1398', '1405', '1434', '176', '183', '41', '376', '50', '465', '733', '818', '830', '838', '845', '90', '874', '987']"
10482951,"['0000154', '0000303', '0001513', '0001290']","['macrostomia', 'prognathia', 'absence of speech', 'ataxia', 'happy disposition', 'obesity', 'muscular', 'hypotonia', 'mild', 'mental', 'retardation', 'severe', 'biparental inheritance', 'mental', 'retardation', 'cellular mosaicism', 'postnatal', 'microcephaly']","['108', '124', '136', '155', '169', '268', '277', '286', '300', '305', '312', '57', '644', '64', '71', '845', '84', '94']","['119', '134', '153', '161', '186', '275', '285', '295', '304', '311', '323', '63', '666', '70', '82', '863', '93', '106']"
7450780,"['0001250', '0001290', '0000303']","['severe', 'mental', 'retardation', 'epileptic', 'seizures', 'easily provoked and prolonged', 'happy puppet', 'paroxysms of', 'laughter', 'atactic', 'jerky movements', 'hypotonia', 'large', 'mandible with', 'prognathia', '2-3 cps spike and wave activity in the EEG', 'autosomal recessive']","['183', '190', '197', '210', '220', '230', '23', '260', '273', '283', '291', '308', '319', '325', '339', '355', '494']","['189', '196', '208', '219', '228', '259', '35', '272', '281', '290', '306', '317', '324', '338', '349', '397', '513']"
7802001,"['0001010', '0001010', '0001010']","['neurological signs', 'facial characteristics', 'hypopigmentation', 'hypopigmentation', 'hypopigmentation', 'familial cases', 'familial cases', 'sporadic cases', 'sporadic cases', 'sporadic', 'cases', 'familial cases', 'sporadic', 'familial cases', 'sporadic', 'familial cases']","['1333', '1356', '1423', '1526', '1585', '182', '215', '260', '294', '336', '345', '479', '678', '691', '791', '804']","['1351', '1378', '1439', '1542', '1601', '196', '229', '274', '308', '344', '350', '493', '686', '705', '799', '818']"
8923935,[],"['multiple', 'congenital', 'contractures of the distal limbs', 'distal arthrogryposes', 'physiologic abnormalities']","['122', '131', '142', '42', '661']","['130', '141', '174', '63', '686']"
8755929,"['0000365', '0002664', '0002671']","['hearing loss', 'failure to thrive', 'ovarian fibromas', 'tumors', 'neoplasms', 'developmental defects', 'variable expression', 'autosomal', 'significant', 'phenotypic', 'variability', 'within and among kindreds', 'dominant', 'disorder', 'tumors', 'cancer', 'basal cell carcinomas', 'mental', 'retardation', 'conductive', 'medulloblastomas']","['1002', '1020', '117', '1230', '1283', '152', '1544', '22', '241', '253', '264', '276', '32', '41', '422', '474', '76', '971', '978', '991', '99']","['1014', '1037', '133', '1236', '1292', '173', '1563', '31', '252', '263', '275', '301', '40', '49', '428', '480', '97', '977', '989', '1001', '115']"
11169564,[],"['locus', 'heterogeneity', 'marked', 'variability', 'in expression', 'brachydactyly type C', 'malformations restricted to the upper limbs', 'brachydactyly type C', 'locus', 'heterogeneity', 'autosomal', 'brachydactyly type C', 'considerable intra- and', 'interfamilial', 'variability', 'dominant', 'in expression', 'brachydactyly type C']","['1079', '1085', '122', '129', '141', '20', '384', '444', '582', '588', '73', '746', '794', '818', '832', '83', '844', '930']","['1084', '1098', '128', '140', '154', '40', '427', '464', '587', '601', '82', '766', '817', '831', '843', '91', '857', '950']"
9808466,['0001250'],"['papilloma', 'motor dysfunction', 'seizures', 'learning deficit']","['110', '392', '421', '455']","['119', '409', '429', '471']"
12219090,"['0410030', '0000078']","['fusing palate', 'dominant', 'autosomal', 'dominant', 'form', 'cleft lip and palate', 'lip', 'pits', 'cleft lip', 'or palate', 'Popliteal', 'pterygium', 'skin and', 'genital anomalies', 'Phenotypic overlap']","['1197', '1376', '490', '500', '509', '517', '543', '547', '594', '604', '615', '625', '731', '740', '759']","['1210', '1384', '499', '508', '513', '537', '546', '551', '603', '613', '624', '634', '739', '757', '777']"
8929945,"['0001250', '0001022', '0000154', '0011968']","['epilepsy', 'abnormal EEG', 'Hypopigmentation', 'oculocutaneous', 'albinism', 'could not walk independently', 'Disrupted sleep patterns', 'severe', 'mental', 'retardation', 'ataxic', 'movements', 'absent language', 'abnormal EEG', 'happy disposition', 'infancy', 'wide mouth', 'sporadic', 'ataxic', 'severely', 'retarded', 'lacking recognisable speech.', 'poor postnatal head growth', 'Short stature', 'Hypotonia at birth', 'neonatal', 'feeding difficulties', 'Epilepsy']","['1006', '1065', '1110', '1171', '1186', '1210', '1326', '1668', '1675', '1682', '1695', '1702', '1713', '1730', '1744', '1772', '1855', '270', '389', '397', '406', '420', '677', '705', '785', '836', '845', '896']","['1014', '1077', '1126', '1185', '1194', '1238', '1350', '1674', '1681', '1693', '1701', '1711', '1728', '1742', '1761', '1779', '1865', '278', '395', '405', '414', '448', '703', '718', '803', '844', '865', '904']"
16401744,"['0001250', '0001250', '0001250', '0001250', '0001250', '0001250', '0001250', '0001250', '0001250', '0001250', '0001250', '0001250', '0002167', '0001945']","['status epilepticus', 'seizures', 'stereotyped', 'seizures', 'seizure', 'jerky movements', 'epilepsy', 'seizure', 'seizure', 'epilepsy', 'childhood', 'behavioral profile', 'Epilepsy', 'epilepsy', 'early onset', 'electroclinical profile', 'happy disposition', 'seizure', 'childhood', 'outbursts of', 'laughter', 'developmentally delayed', 'epilepsy', 'epilepsy', 'electroencephalographic patterns', 'epilepsy', 'Epilepsy', 'Epilepsy', 'epilepsy', 'severe', 'mental', 'epilepsy', 'retardation', 'epilepsy', 'seizure', 'atypical absences', 'myoclonic', 'and', 'tonic-clonic', 'seizures', 'speech disorder', 'Epilepsy', 'fever']","['1017', '1114', '111', '1156', '1175', '123', '1247', '1350', '1371', '1479', '1531', '155', '1674', '1784', '1798', '1826', '182', '1860', '2022', '204', '217', '2246', '2316', '262', '286', '372', '523', '646', '665', '67', '74', '783', '81', '823', '838', '857', '879', '889', '893', '906', '94', '954', '977']","['1035', '1122', '122', '1164', '1182', '138', '1255', '1357', '1378', '1487', '1540', '173', '1682', '1792', '1809', '1849', '199', '1867', '2031', '216', '225', '2269', '2324', '270', '318', '380', '531', '654', '673', '73', '80', '791', '92', '831', '845', '874', '888', '892', '905', '914', '109', '962', '982']"
10569966,"['0100008', '0100008', '0002664']","['Neurofibromatosis', 'meningioma', 'schwannoma', 'skin features', 'neurofibromas', 'schwannomas', ' patches, who th', 'schwannomas', 'bromatosis type 1', 'meningiomas', 'meningioma', 'schwannoma', 'childhood', 'meningioma', 'schwannoma', 'Tumour', 'autosomal', 'meningioma', 'schwannoma', 'dominant', 'tumour', 'meningioma', 'Tumour']","['0', '1092', '1104', '1120', '1143', '1157', '1199', '119', '1254', '135', '191', '205', '368', '378', '393', '496', '53', '549', '564', '63', '796', '928', '968']","['17', '1102', '1114', '1133', '1156', '1168', '1215', '130', '1271', '146', '201', '215', '377', '388', '403', '502', '62', '559', '574', '71', '802', '938', '974']"
18478600,"['0000104', '0012210']","['Popliteal', 'pterygium', 'genital malformations', 'involvement of the skin', 'orofacial clefting', 'lip', 'pits', 'unilateral', 'cleft lip and palate', 'lip', 'pits', 'unilateral', 'renal aplasia', 'renal malformation']","['0', '10', '153', '179', '220', '243', '247', '295', '306', '356', '360', '366', '377', '735']","['9', '19', '174', '202', '238', '246', '251', '305', '326', '359', '364', '376', '390', '753']"
2282716,"['0001067', '0001067']","['neurofibromatosis', 'sporadic', 'cases', 'sporadic cases', 'multiple', 'meningiomas', 'spinal', 'tumors', 'neurofibromatosis', 'acoustic', 'neurinomas', 'clinical', 'heterogeneity']","['124', '204', '213', '332', '407', '416', '432', '439', '46', '489', '498', '514', '523']","['141', '212', '218', '346', '415', '427', '438', '445', '63', '497', '508', '522', '536']"
3185841,"['0002664', '0002664']","['tumors', 'tumor', 'acoustic neurinoma', 'tumor', 'tumors', 'acoustic', 'neurinomas', 'tumors', 'acoustic', 'neurinomas', 'cerebellar symptoms', '8th cranial nerve', 'tumors', 'brain stem symptoms', 'acoustic', 'cerebellar symptoms', 'lesions of further cranial nerves', 'neurinomas', 'increasing intracranial pressure', 'tumors', 'acoustic', 'neurinomas', 'mortality']","['1192', '125', '1303', '1393', '169', '194', '203', '243', '321', '330', '363', '409', '451', '470', '48', '521', '542', '57', '580', '662', '816', '825', '998']","['1198', '130', '1321', '1398', '175', '202', '213', '249', '329', '340', '382', '426', '457', '489', '56', '540', '575', '67', '612', '668', '824', '835', '1007']"
9096761,"['0410030', '0000280', '0000766', '0002671', '0010603', '0000772', '0002664', '0002664']","['jaw cysts', 'Palmar', 'pits', 'plantar', 'pits', 'Ovarian fibromas', 'Medulloblastoma', 'cleft lip', 'or palate', 'coarse face', 'relative macrocephaly', 'hypertelorism', 'frontal bossing', 'pectus deformity', 'Sprengel deformity', 'calcification of the falx cerebri', 'bridged sella', 'bifid ribs', 'hemivertebrae', 'fusion of the vertebral bodies', 'short fourth metacarpal', 'scoliosis', 'cervical ribs', 'spina bifida', 'occulta', 'radiological anomalies', 'basal cell carcinomas', 'keratocysts of the jaw', 'plantar', 'pits', 'spine and', 'rib anomalies', 'calcification of the falx cerebri', 'basal cell carcinoma', 'tumor', 'autosomal', 'dominant', 'basal cell carcinoma', 'disorder', 'Jaw cysts', 'tumor']","['1019', '1061', '1068', '1077', '1085', '1108', '1195', '1281', '1291', '1329', '1350', '1380', '1402', '1426', '1455', '1520', '1597', '1619', '1638', '1660', '1869', '1894', '1905', '1923', '1936', '2075', '218', '241', '272', '280', '286', '296', '314', '604', '647', '65', '75', '7', '84', '902', '952']","['1028', '1067', '1072', '1084', '1089', '1124', '1210', '1290', '1300', '1340', '1371', '1393', '1417', '1442', '1473', '1553', '1610', '1629', '1651', '1690', '1892', '1903', '1918', '1935', '1943', '2097', '239', '263', '279', '284', '295', '309', '347', '624', '652', '74', '83', '27', '92', '911', '957']"
10631923,"['0002023', '0000356', '0012531', '0004322', '0000369', '0000365']","['imperforate anus', 'Triphalangeal thumb', 'ear anomalies', 'Deafness', 'Anomalies of the semicircular canals and the incus', 'inculomalleolar fusion', 'childhood', 'episodes of', 'abdominal', 'pain', 'edema', 'dominant inherited', 'mildly', 'mentally', 'retarded', 'short stature', 'antepositioned anus', 'bifid right thumb', 'large toes', 'low set ears', 'microretrognathia', 'deafness']","['136', '154', '178', '209', '267', '323', '400', '421', '433', '443', '500', '54', '669', '676', '685', '746', '778', '799', '818', '830', '844', '866']","['152', '173', '191', '217', '317', '345', '409', '432', '442', '447', '505', '72', '675', '684', '693', '759', '797', '816', '828', '842', '861', '874']"
2729353,"['0000365', '0002167', '0002700']","['brachycephaly', 'sensorineural', 'hearing loss', 'speech impediment', 'mild', 'ataxia', 'enlarged foramen magnum', 'brainstem abnormality', 'dominantly transmitted', 'variable', 'expression']","['171', '186', '200', '214', '237', '242', '275', '373', '472', '500', '509']","['184', '199', '212', '231', '241', '248', '298', '394', '494', '508', '519']"
7762579,"['0002804', '0002804', '0002804', '0003416', '0002804']","['distal', 'arthrogryposis', 'distal', 'arthrogryposis', 'distal', 'arthrogryposis', 'contractural', 'arachnodactyly', 'marked', 'variability', 'in the severity and nature of manifestations', 'hand and', 'foot involvement', 'craniofacial changes', 'ectrodactyly', 'spinal stenosis', 'biliary atresia', 'arthrogryposis']","['110', '117', '292', '299', '374', '381', '400', '413', '448', '455', '467', '533', '542', '574', '723', '72', '737', '815']","['116', '131', '298', '313', '380', '395', '412', '427', '454', '466', '511', '541', '558', '594', '735', '87', '752', '829']"
2918545,['0001250'],"['happy disposition', 'autosomal recessive', 'inheritance', 'mental', 'retardation', 'de novo', 'autosomal recessively', 'epilepsy', 'ataxia']","['112', '205', '225', '68', '75', '803', '873', '88', '98']","['129', '224', '236', '74', '86', '810', '894', '96', '104']"
19476995,"['0002664', '0001067', '0100008', '0009830', '0000518', '0100014', '0002664', '0001067']","['Neurofibromatosis', 'tumour', 'autosomal-', 'de novo mutation', 'neurofibromatosis', 'dominant', 'nervous system', 'tumours', 'schwannomas', 'meningiomas', 'ependymomas', 'astrocytomas', 'neurofibromas', 'multiple', 'peripheral', 'neuropathy', 'ophthalmological lesions', 'cataracts', 'epiretinal membranes', 'neoplasia', 'retinal hamartomas', 'cutaneous lesions', 'skin', 'tumours', 'neurofibromatosis']","['0', '117', '31', '358', '379', '41', '422', '437', '446', '459', '472', '485', '503', '50', '519', '530', '542', '568', '579', '59', '605', '630', '649', '654', '935']","['17', '123', '41', '374', '396', '49', '436', '444', '457', '470', '483', '497', '516', '58', '529', '540', '566', '577', '599', '68', '623', '647', '653', '661', '952']"
17431915,"['0000356', '0001140']","['heterogeneous', 'disorder', 'external', 'ear anomalies', 'preaxial', 'polydactyly', 'ear canals', 'mandibular', 'hypoplasia', 'preaxial', 'polydactyly', 'epibulbar dermoid', 'abnormal external ears']","['1021', '1035', '155', '164', '179', '188', '332', '344', '355', '377', '386', '412', '446']","['1034', '1043', '163', '177', '187', '199', '342', '354', '365', '385', '397', '429', '468']"
17307835,[],"['Neurofibromatosis', 'for mosaicism', 'sporadic', 'bilateral', 'vestibular', 'schwannoma', 'mosaicism']","['0', '316', '431', '459', '469', '480', '812']","['17', '329', '439', '468', '479', '490', '821']"
12592607,['0001371'],"['multiple-', 'congenital-', 'contracture', 'heterogeneous', 'distal arthrogryposes', 'multiple', 'congenital', 'contractures of the limbs']","['1149', '1158', '1169', '478', '4', '74', '83', '94']","['1158', '1169', '1180', '491', '25', '82', '93', '119']"
18220287,"['0000365', '0000077', '0000365']","['branchial', 'and', 'external', 'ear malformations', 'hearing loss', 'renal anomalies', 'ear', 'pits', 'profound', 'hearing loss', 'branchial fistulae', 'kidney agenesis', 'autosomal', 'dominant', 'disorder']","['104', '114', '118', '127', '146', '164', '207', '211', '219', '228', '242', '266', '40', '50', '59']","['113', '117', '126', '144', '158', '179', '210', '215', '227', '240', '260', '281', '49', '58', '67']"
9811917,"['0002664', '0100008', '0002664', '0002664', '0002664', '0002664']","['tumor', 'vestibular', 'tumors', 'schwannomas', 'hearing ability', 'neurologic deficits', 'tumor', 'acoustic neuromas', 'acoustic neuromas', 'tumor', 'tumor', 'tumor', 'acoustic neuromas']","['1039', '105', '1110', '116', '1545', '1569', '188', '2183', '461', '651', '715', '837', '86']","['1044', '115', '1116', '127', '1560', '1588', '193', '2200', '478', '656', '720', '842', '103']"
8681379,"['0002671', '0002664']","['basal cell carcinomas', 'basal cell carcinoma', 'pits of the palms and soles', 'jaw keratocysts', 'other', 'tumors', 'developmental abnormalities', 'sporadic', 'tumor', 'autosomal', 'tumors', 'dominant', 'developmental abnormalities', 'disorder']","['109', '11', '139', '168', '198', '204', '216', '291', '385', '55', '639', '65', '725', '74']","['130', '31', '166', '183', '203', '210', '243', '299', '390', '64', '645', '73', '752', '82']"
3688021,"['0001250', '0002311', '0002591', '0001513', '0001290']","['mental', 'retardation', 'seizures', 'ataxia', 'incoordination', 'voracious appetite', 'obesity', 'hypotonia', 'facial appearance', 'hypertelorism', 'ataxic-like movements', 'frequent, unprovoked and prolonged bouts of', 'laughter', 'facial appearance', 'severe']","['103', '110', '123', '136', '148', '277', '299', '353', '464', '531', '727', '750', '794', '807', '96']","['109', '121', '131', '142', '162', '295', '306', '362', '481', '544', '748', '793', '802', '824', '102']"
1496981,"['0009588', '0002664', '0001067', '0002664', '0100008', '0002664', '0009588']","['sporadic', 'acoustic neuroma', 'tumors', 'tumor', 'sporadic', 'tumors', 'tumors', 'neurofibromatosis', 'tumor', 'sporadic', 'acoustic neuromas', 'meningiomas', 'schwannomas', 'ependymomas', 'tumors', 'tumor', 'tumors', 'acoustic neuroma']","['1285', '1294', '1487', '1656', '181', '190', '424', '4', '509', '581', '609', '628', '641', '658', '726', '80', '952', '963']","['1293', '1310', '1493', '1661', '189', '196', '430', '21', '514', '589', '626', '639', '652', '669', '732', '85', '958', '979']"
14699618,"['0000242', '0000494', '0000303']","['patellar dysplasia', 'abnormal clavicular shape', 'bridging of sella turcica', 'biparietal bossing', 'downward slanting palpebral fissures', 'mandible', 'prognathism', 'pectus excavatum', 'thumb abnormalities', 'basal cell nevus syndrome', 'occult', 'spina bifida', 'numerous', 'basal cell nevi', 'basal cell carcinoma']","['1155', '1178', '292', '319', '339', '377', '386', '399', '417', '42', '438', '445', '468', '477', '505']","['1173', '1203', '317', '337', '375', '385', '397', '415', '436', '67', '444', '457', '476', '492', '525']"
18423521,"['0000356', '0000175']","['variable expressivity', 'genetic', 'heterogeneity', 'cutaneous anomalies', 'infra- and/or supra-auricular defects', 'ocular anomalies', 'facial appearance', 'malformed pinnae', 'oral', 'clefts', 'renal and', 'ectodermal (dental and hair) anomalies', 'autosomal-', 'dominant', 'cleft palate', 'craniofacial disorder', 'de novo']","['107', '1095', '1103', '157', '188', '254', '287', '306', '324', '329', '358', '368', '48', '58', '67', '80', '824']","['128', '1102', '1116', '176', '225', '270', '304', '322', '328', '335', '367', '406', '58', '66', '79', '101', '831']"
9863591,"['0001067', '0100008', '0100008', '0002664', '0002664']","['neurofibromatosis', 'bilateral disease', 'neurogenic', 'tumours', 'unilateral', 'unilateral', 'vestibular', 'schwannomas', 'vestibular', 'tumours', 'neurogenic', 'tumours', 'schwannomas', 'tumour', 'gonosomal mosaicism', 'young', 'age', 'tumour', 'sporadic', 'familial cases', 'tumours', 'unilateral', 'vestibular', 'schwannoma']","['120', '170', '215', '226', '26', '311', '322', '333', '37', '394', '458', '469', '48', '548', '672', '72', '78', '810', '841', '854', '872', '971', '982', '993']","['137', '187', '225', '233', '36', '321', '332', '344', '47', '401', '468', '476', '59', '554', '691', '77', '81', '816', '849', '868', '879', '981', '992', '1003']"
17353411,"['0000518', '0100014', '0001067', '0000518']","['ocular pathologic findings', 'posterior', 'subcapsular', 'cataracts', 'epiretinal membranes', 'neurofibromatosis', 'intrascleral', 'schwannoma', 'posterior', 'subcapsular', 'cataracts', 'nal membra', 'es.', 'ependymal cells', 'ocular manifestations']","['235', '380', '390', '402', '413', '41', '442', '455', '585', '595', '607', '700', '711', '825', '93']","['261', '389', '401', '411', '433', '58', '454', '465', '594', '606', '616', '710', '714', '840', '114']"
1248162,"['0000365', '0000113']","['mixed', 'hearing loss', 'Mondini type', 'cochlear malformation', 'stapes fixation', 'cup-shaped, anteverted pinnae', 'prehelical', 'pits', 'branchial cleft', 'fistulas', 'bilateral', 'renal dysplasia', 'anomalies of the collecting system', 'aplasia of the lacrimal ducts', 'branchial cleft', 'fistulas', 'bilateral', 'polycystic kidneys', 'branchial', 'arch syndromes']","['144', '150', '170', '183', '209', '230', '275', '286', '306', '322', '340', '350', '370', '447', '542', '558', '571', '581', '862', '872']","['149', '162', '182', '204', '224', '259', '285', '290', '321', '330', '349', '365', '404', '476', '557', '566', '580', '599', '871', '886']"
1360768,[],"['mode of inheritance', 'familial AS', 'autosomal recessive', 'inheritance']","['210', '233', '640', '660']","['229', '244', '659', '671']"
1496982,"['0100008', '0100008', '0100008', '0001067']","['Neurofibromatosis', 'vestibular', 'genetic', 'heterogeneity', 'schwannomas', 'other', 'tumors of the nervous system', 'cranial and', 'spinal', 'meningiomas', 'schwannomas', 'ependymomas', 'bilateral', 'vestibular', 'schwannomas', 'Skin manifestations', 'neurofibromatosis', 'autosomal', 'dominant']","['0', '101', '1056', '1064', '112', '128', '134', '174', '186', '193', '206', '223', '252', '262', '273', '318', '362', '37', '47']","['17', '111', '1063', '1077', '123', '133', '162', '185', '192', '204', '217', '234', '261', '272', '284', '337', '379', '46', '55']"
11312426,"['0002671', '0002671']","['tumors', 'childhood', 'skin tags', 'early age', 'pedunculated papules', 'pedunculated papules', 'autosomal', 'basal cell carcinomas', 'skin tag', 'basal cell carcinoma', 'basal cell carcinomas', 'dominant inheritance', 'childhood']","['1003', '315', '354', '383', '470', '653', '70', '727', '793', '7', '808', '80', '833']","['1009', '324', '363', '392', '490', '673', '79', '748', '801', '27', '829', '100', '842']"
8414026,"['0100008', '0100006']","['Neurofibromatosis', 'bilateral', 'vestibular', 'schwannomas', 'dominantly inherited', 'tumors of the central nervous system']","['0', '139', '149', '160', '31', '87']","['17', '148', '159', '171', '51', '123']"
8092198,['0000365'],"['renal dysplasia', 'intrafamilial and', 'interfamilial', 'variability', 'autosomal', 'dominant', 'branchial', 'arch anomalies', 'deafness']","['111', '178', '196', '210', '40', '50', '72', '82', '98']","['126', '195', '209', '221', '49', '58', '81', '96', '106']"
3092103,"['0009588', '0001067', '0001067', '0009588', '0002664']","['acoustic neuroma', 'tumours', 'nervous system', 'embryonal', 'tumours', 'bilateral acoustic', 'neurofibromatosis', 'autosomal', 'dominant', 'disorder', 'bilateral', 'acoustic neuromas', 'meningiomas', 'bilateral acoustic', 'neurofibromatosis', 'meningioma', 'acoustic neuroma', 'meningioma', 'embryonal', 'tumours', 'tumour', 'familial cases', 'bilateral', 'tumours', 'tumours', 'sporadic', 'tumours']","['1049', '1090', '1111', '1261', '1271', '1367', '1386', '1408', '1418', '1427', '1457', '1467', '1524', '1553', '1572', '1613', '1753', '1774', '238', '248', '362', '683', '711', '721', '751', '876', '907']","['1065', '1097', '1125', '1270', '1278', '1385', '1403', '1417', '1426', '1435', '1466', '1484', '1535', '1571', '1589', '1623', '1769', '1784', '247', '255', '368', '697', '720', '728', '758', '884', '914']"
1683160,[],"['sporadic', 'familial cases', 'sporadic', 'sporadic', 'sporadic']","['120', '135', '303', '448', '538']","['128', '149', '311', '456', '546']"
1478663,"['0000365', '0000077']","['deaf', 'hearing impairment', 'lop-ear deformity', 'preauricular', 'pits', 'branchial cleft sinus tracts', 'renal anomalies', 'autosomal', 'dominant', 'disorder', 'profoundly']","['103', '133', '178', '197', '210', '216', '250', '32', '42', '51', '92']","['107', '151', '195', '209', '214', '244', '265', '41', '50', '59', '102']"
19557015,[],"['Basal cell nevus', 'tumors', 'basal cell carcinoma', 'medulloblastoma', 'early development', 'autosomal dominant disorder', 'premature termination']","['0', '195', '216', '247', '442', '76', '821']","['16', '201', '236', '262', '459', '103', '842']"
7057963,['0001067'],"['central', 'nervous system', 'tumors', 'Cutaneous manifestations', 'neurofibromatosis', 'bilateral', 'acoustic neuromas', 'tumors']","['157', '165', '180', '188', '216', '22', '32', '471']","['164', '179', '186', '212', '233', '31', '49', '477']"
2466440,"['0001250', '0000303', '0000154', '0000307', '0100022', '0002066', '0001263']","['ataxia', 'episodes of', 'paroxysmal', 'laughter', 'seizures', 'microcephaly', 'facial appearance', 'prominent jaw', 'wide mouth', 'pointed chin', 'Tongue thrusting', 'movement disorder', 'wide based,', 'ataxic gait', 'jerky limb movements', 'flapping of the hands', 'variable', 'global', 'developmental delay']","['104', '112', '124', '135', '145', '159', '315', '355', '372', '390', '404', '436', '468', '480', '506', '531', '562', '76', '83']","['110', '123', '134', '143', '153', '171', '332', '368', '382', '402', '420', '453', '479', '491', '526', '552', '570', '82', '102']"
8160736,[],"['ocular and', 'branchial abnormalities', 'unilateral', 'renal agenesis', 'bilateral supra-auricular sinuses', 'otic vesicle sinus tract', 'development of the optic vesicles', 'branchial arches', 'contiguous gene deletion syndrome']","['192', '203', '275', '286', '419', '501', '686', '721', '949']","['202', '226', '285', '300', '452', '525', '719', '737', '982']"
8988171,"['0001288', '0001250']","['abnormal gait', 'de novo', 'possible abnormality', 'de novo', 'mental', 'retardation', 'methylation abnormality', 'seizures', 'frequent smiling and', 'laughter']","['106', '1120', '1487', '247', '41', '48', '523', '61', '71', '92']","['119', '1127', '1507', '254', '47', '59', '546', '69', '91', '100']"
7039311,"['0000286', '0004322', '0001371', '0001371', '0002804', '0002804', '0001760', '0001371', '0002804', '0000175', '0410030', '0000171', '0001371']","['epicanthal folds', 'keratoconus', 'short stature', 'scoliosis', 'unique hand position', 'distal', 'contractures', 'autosomal', 'dominant', 'inheritance', 'trismus', 'camptodactyly', 'contractural', 'arachnodactyly', 'camptodactyly', 'abnormal tendon attachments', 'congenital', 'joint', 'contractures', 'familial cases', 'isolated cases', 'arthrogryposis', 'distal', 'arthrogryposis', 'autosomal', 'dominant', 'inheritance', 'tightly clenched fists', 'medially', 'overlapping fingers', 'ulnar deviation', 'camptodactyly', 'positional', 'foot deformities', 'Contractures', 'variable', 'visceral anomalies', 'intrafamilial and', 'interfamilial', 'variability', 'congenital', 'distal', 'contractures', 'distal', 'distal', 'arthrogryposis', 'cleft palate', 'limb', 'cleft lip', 'small tongue', 'trismus', 'ptosis', 'contractures']","['1005', '1023', '1036', '1051', '1064', '1362', '1369', '1386', '1396', '1405', '1452', '1467', '1502', '1515', '1544', '1619', '168', '179', '185', '225', '247', '294', '335', '342', '404', '414', '423', '436', '474', '483', '504', '525', '554', '565', '583', '622', '656', '720', '738', '752', '76', '799', '806', '87', '890', '897', '949', '94', '963', '974', '988', '997', '99']","['1021', '1034', '1049', '1060', '1084', '1368', '1381', '1395', '1404', '1416', '1459', '1480', '1514', '1529', '1557', '1646', '178', '184', '197', '239', '261', '308', '341', '356', '413', '422', '434', '458', '482', '502', '519', '538', '564', '581', '595', '630', '674', '737', '751', '763', '86', '805', '818', '93', '896', '911', '961', '98', '972', '986', '995', '1003', '111']"
7747758,"['0100008', '0001067', '0100008', '0000518', '0100008', '0000518']","['CNS', 'tumors', 'vestibular', 'schwannomas', 'retinal hamartomas', 'vestibular', 'neurofibromatosis', 'schwannomas', 'CNS', 'tumors', 'skin', 'tumors', 'ocular manifestations', 'cataracts', 'retinal hamartomas', 'Vestibular', 'schwannomas', 'cataracts', 'skin', 'tumors', 'spinal', 'tumors', 'meningiomas', 'heterogeneity', 'heterogeneity']","['1162', '1166', '1184', '1195', '1235', '471', '47', '482', '509', '513', '529', '534', '554', '586', '600', '692', '703', '782', '801', '806', '822', '829', '849', '96', '991']","['1165', '1172', '1194', '1206', '1253', '481', '64', '493', '512', '519', '533', '540', '575', '595', '618', '702', '714', '791', '805', '812', '828', '835', '860', '109', '1004']"
3799714,"['0000356', '0000356']","['renal hypoplasia', 'branchial and', 'ear anomalies', 'nonpenetrance', 'variable', 'expressivity', 'includes duplication of the urinary collecting system', 'branchial and', 'ear anomalies']","['140', '237', '251', '279', '388', '397', '410', '553', '567']","['156', '250', '264', '292', '396', '409', '463', '566', '580']"
12868482,[],"['calcification of the falx cerebri', 'and tentorium cerebelli', 'dysgenesis of the corpus callosum', 'and vermis', 'Vermian dysgenesis']","['111', '145', '173', '207', '219']","['144', '168', '206', '217', '237']"
9546330,"['0001250', '0001250', '0001250', '0001250', '0001250', '0001250', '0001250', '0001250', '0001250']","['epilepsy', 'atypical absences', 'myoclonias', 'atonic', 'seizures', 'epilepsy', 'epilepsy', 'epilepsy', 'epilepsy', 'characteristic EEGs', 'dominant', 'intractable', 'epilepsy', 'atypical absences', 'myoclonias', 'generalized extensor tonic', 'seizures', 'flexor spasms', 'Epileptic spasms', 'epilepsy']","['1013', '1049', '1068', '1083', '1090', '1181', '12', '1324', '1433', '521', '566', '701', '713', '744', '766', '802', '829', '841', '856', '980']","['1021', '1066', '1078', '1089', '1098', '1189', '20', '1332', '1441', '540', '574', '712', '721', '761', '776', '828', '837', '854', '872', '988']"
11837604,[],"['variable', 'clinical', 'brachydactyly type C', 'variability', 'brachydactyly type C', 'in type C', 'autosomal', 'dominant', 'brachydactyly']","['140', '14', '193', '23', '345', '35', '380', '390', '45']","['148', '22', '213', '34', '365', '44', '389', '398', '58']"
1357962,[],"['placental mosaicism', 'hypotonic at birth']","['1017', '591']","['1036', '609']"
7977374,"['0001762', '0001371', '0001760', '0002804']","['Club foot', 'dominantly inherited', 'club foot', 'short tandem', 'locus', 'heterogeneity', 'congenital', 'contracture', 'positional', 'foot deformities', 'Distal', 'arthrogryposis']","['0', '127', '148', '196', '586', '592', '624', '635', '665', '676', '68', '75']","['9', '147', '157', '208', '591', '605', '634', '646', '675', '692', '74', '89']"
9096762,['0000953'],"['medulloblastoma', 'radiosensitive response', 'radiosensitive', 'basal cell carcinoma', 'medulloblastoma', 'medulloblastoma', 'medulloblastoma', 'medulloblastoma', 'odontogenic keratocyst', 'of the mandible', 'pits of the palms and soles', 'medulloblastoma', 'basal cell carcinoma', 'increased skin pigmentation']","['1226', '134', '1415', '161', '225', '310', '361', '51', '557', '580', '597', '716', '78', '944']","['1241', '157', '1429', '181', '240', '325', '376', '66', '579', '595', '624', '731', '98', '971']"
391043,['0004322'],"['Short stature', 'brachydactyly', 'C', 'short stature', 'hip dysplasia', 'brachydactyly', 'C']","['0', '116', '130', '133', '152', '40', '54']","['13', '129', '131', '146', '165', '53', '55']"
9236523,"['0001012', '0002664', '0001012']","['confetti-like hypopigmented macules', 'gingival papules', 'angiofibromas', 'collagenomas', 'lipomas', 'confetti-like hypopigmented macules', 'gingival papules', 'cutaneous manifestations', 'hyperparathyroidism', 'tumors', 'angiofibromas', 'angiofibromas', 'skin lesions', 'endocrine', 'cutaneous abnormalities', 'neoplasia', 'skin lesions', 'facial', 'angiofibromas', 'cutaneous manifestations', 'Angiofibromas', 'Collagenomas', 'cafe au lait macules', 'lipomas']","['1012', '1081', '1128', '1143', '1157', '1166', '1215', '1236', '1360', '1405', '1422', '1521', '338', '35', '369', '45', '602', '648', '655', '74', '763', '871', '939', '982']","['1047', '1097', '1141', '1155', '1164', '1201', '1231', '1260', '1379', '1411', '1435', '1534', '350', '44', '392', '54', '614', '654', '668', '98', '776', '883', '959', '989']"
8001963,"['0002671', '0002664', '0002664']","['basal cell carcinomas', 'developmental defects', 'tumor', 'cancer', 'basal cell carcinoma']","['127', '161', '245', '70', '7']","['148', '182', '250', '76', '27']"
8533848,[],"['branchial arches', 'cochlear hypoplasia', 'dilation of the vestibular aqueduct', 'variable', 'bulbous internal auditory canals', 'posterior fossae', 'autosomal-', 'dominant', 'disorder']","['109', '315', '375', '37', '412', '451', '47', '57', '66']","['125', '334', '410', '45', '444', '467', '57', '65', '74']"
8751853,"['0000518', '0100014', '0100008', '0100008', '0000518']","['Neurofibromatosis', 'cataracts', 'variable', 'tumors', 'tumors', 'early age', 'retinal hamartomas', 'epiretinal membranes', 'vestibular', 'schwannomas', 'tumors', 'bilateral', 'vestibular', 'schwannomas', 'neural', 'meningiomas', 'spinal and', 'skin', 'tumors', 'tumors', 'cataracts', 'retinal abnormalities']","['0', '101', '1183', '1325', '151', '164', '1675', '1701', '290', '301', '329', '35', '45', '56', '82', '855', '868', '879', '884', '89', '908', '922']","['17', '110', '1191', '1331', '157', '173', '1693', '1721', '300', '312', '335', '44', '55', '67', '88', '866', '878', '883', '890', '95', '917', '943']"
18177466,"['0000077', '0000365', '0000175', '0012368', '0000365']","['renal agenesis', 'de novo', 'ophthalmic,', 'orofacial,', 'articular, and', 'auditory manifestations', 'autosomal', 'dominant trait', 'branchial', ',', 'otic and', 'renal anomalies', 'hearing loss', 'cleft palate', 'myopia', 'vitreous anomaly', 'flat face', 'hearing loss', 'pre-', 'auricular', 'pits', 'branchial fistulae']","['1009', '1222', '172', '184', '195', '210', '289', '299', '327', '336', '338', '347', '564', '581', '638', '673', '696', '81', '966', '970', '980', '986']","['1023', '1229', '183', '194', '209', '233', '298', '313', '336', '337', '346', '362', '576', '593', '644', '689', '705', '93', '970', '979', '984', '1004']"
9321755,[],"['mental', 'retardation']","['698', '705']","['704', '716']"
7200726,[],"['facial appearance', 'premature aging', 'bilateral', 'growth', 'retardation', 'branchial', 'dominant', 'trait', 'sinuses', 'intrauterine and', 'postnatal', 'growth', 'retardation', 'unusual']","['106', '129', '22', '261', '268', '32', '384', '393', '42', '51', '68', '78', '85', '98']","['123', '144', '31', '267', '279', '41', '392', '398', '49', '67', '77', '84', '96', '105']"
263442,"['0000365', '0012210', '0000365', '0000077', '0000365', '0000365', '0000077', '0000365', '0000365']","['hearing loss', 'pits', 'renal malformation', 'dominant inheritance', 'pits', 'clefts', 'deafness', 'renal anomalies', 'preauricular', 'pits', 'branchial', 'clefts', 'renal investigation', 'hearing loss', 'renal dysplasia', 'renal dysplasia', 'autosomal', 'dominant', 'disorder', 'preauricular', 'pits', 'lachrymal duct stenosis', 'hearing loss', 'branchial', 'fistulas', 'or cysts', 'defects of the outer, middle, and inner ear', 'renal anomalies', 'branchial', 'clefts', 'hearing loss', 'pits', 'hearing loss']","['1042', '1063', '1100', '1170', '1194', '1200', '1212', '1229', '1376', '1389', '1398', '1408', '1442', '171', '27', '353', '375', '385', '394', '442', '455', '461', '486', '500', '510', '519', '540', '589', '794', '804', '816', '901', '949']","['1054', '1067', '1118', '1190', '1198', '1206', '1220', '1244', '1388', '1393', '1407', '1414', '1461', '183', '42', '368', '384', '393', '402', '454', '459', '484', '498', '509', '518', '527', '583', '604', '803', '810', '828', '905', '961']"
3321995,"['0410030', '0000579', '0000377', '0000164', '0001263', '0001155']","['cleft lip', 'malformed nose', 'broad bridge', 'flattened tip', 'autosomal', 'lacrimal duct obstruction', 'malformed ears', 'branchial cleft', 'sinuses', 'linear', 'skin lesions', 'dominant', 'behind the ears', 'disorder', 'X-linked inheritance', 'abnormal upper lip', 'coloboma', 'microphthalmia', 'auricular', 'pits', 'lip', 'pits', 'highly arched plate', 'dental anomalies', 'subcutaneous', 'cysts of the scalp', 'Premature graying of hair', 'Growth', 'retardation', 'developmental delay', 'hand anomalies', 'variable']","['100', '111', '131', '148', '15', '163', '190', '210', '226', '241', '248', '25', '261', '34', '452', '46', '498', '508', '524', '534', '540', '544', '550', '571', '593', '606', '626', '685', '692', '705', '730', '749']","['109', '125', '143', '161', '24', '188', '204', '225', '233', '247', '260', '33', '276', '42', '472', '64', '506', '522', '533', '538', '543', '548', '569', '587', '605', '624', '651', '691', '703', '724', '744', '757']"
1415348,[],"['oligohydramnios', 'renal hypoplasia and agenesis', 'died neonatally', 'pulmonary hypoplasia', 'immaturity of the middle ear cleft', ', ossicles, facial nerve and canal, and cochlear nerve', 'renal hypoplasia', 'renal hypoplasia/dysplasia or agenesis', 'renal defect', 'preauricular', 'pits', 'lacrimal duct stenosis', 'branchial', 'fistulae and/or cysts', 'Hearing studies']","['113', '136', '179', '198', '291', '325', '467', '546', '661', '764', '777', '783', '811', '821', '844']","['128', '165', '194', '218', '325', '379', '483', '584', '673', '776', '781', '805', '820', '842', '859']"
1003450,['0001792'],"['symphalangism', 'ankylois of proximal interphalangeal joints', 'brachydactyly', 'synostosis of some carpal and tarsal bones', 'craniosynostosis', 'dysplastic hip joints', 'absence of some middle or distal phalanges', 'autosomal', 'dominant', 'trait', 'aplastic or', 'hypoplastic nails']","['105', '120', '14', '166', '210', '232', '29', '346', '356', '365', '74', '86']","['118', '163', '27', '208', '226', '253', '71', '355', '364', '370', '85', '103']"
9643284,"['0100008', '0001067']","['vestibular', 'associated with milder disease than other similar mutations', 'schwannomas', 'neurofibromatosis', 'CNS', 'tumours', 'vestibular', 'schwannoma', 'bilateral']","['103', '1128', '114', '64', '899', '903', '926', '937', '93']","['113', '1187', '125', '81', '902', '910', '936', '947', '102']"
12473765,"['0100008', '0100008', '0001067', '0100008']","['bilateral', 'vestibular', 'schwannomas', 'bilateral', 'vestibular', 'schwannomas', 'neurofibromatosis', 'bilateral', 'vestibular', 'schwannomas', 'Neurofibromatosis']","['1268', '1278', '1289', '221', '231', '242', '46', '482', '492', '503', '905']","['1277', '1288', '1300', '230', '241', '253', '63', '491', '502', '514', '922']"
8326488,"['0002671', '0000175', '0000486']","['basal cell carcinomas', 'jaw cysts', 'ovarian calcification or fibroma', 'medulloblastoma', 'cardiac fibroma', 'cleft palate', 'ophthalmic abnormalities', 'squint', 'cataract', 'basal cell carcinoma']","['293', '319', '460', '500', '522', '544', '567', '600', '610', '96']","['314', '328', '492', '515', '537', '556', '591', '606', '618', '116']"
1347096,"['0000924', '0002514']","['basal-cell carcinomas', 'odontogenic keratocysts', 'skeletal anomalies', 'intracranial calcification', 'basal-cell-carcinoma', 'developmental malformations', 'basal-cell carcinomas', 'autosomal', 'dominant', 'disorder']","['119', '152', '177', '197', '20', '229', '371', '57', '67', '76']","['140', '175', '195', '223', '40', '256', '392', '66', '75', '84']"
7747785,['0001290'],"['atypical manifestations', 'craniofacial anomalies', 'infra-auricular skin defects', 'auricular defects', 'isolated anomalies', 'cervical defects', 'hemangiomatous', 'abnormal overlying skin, and draining sinus fistulae', 'Renal malformations', 'central', 'nervous system', 'development delays', 'hypotonia', 'speech problems', 'Autosomal', 'dominant', 'inheritance']","['1016', '196', '285', '342', '373', '400', '476', '506', '560', '619', '627', '707', '727', '763', '791', '801', '810']","['1039', '218', '313', '359', '391', '416', '490', '558', '579', '626', '641', '725', '736', '778', '800', '809', '821']"
6882181,['0002514'],"['jaw cyst', 'basal cell naevoid', 'hydrocephalus', 'ventricular malformation', 'cerebellar syndrome', 'intracranial calcification', 'oculomotor disturbances', 'EEG abnormalities', 'peripheral nervous disorders', 'calcium metabolism', 'nonprogressive', 'cerebral gigantism']","['109', '118', '299', '314', '340', '361', '389', '414', '449', '496', '579', '58']","['117', '136', '312', '338', '359', '387', '412', '431', '477', '514', '593', '76']"
509397,"['0010628', '0002671']","['basal cell epithelioma of the face', 'facial nerve palsy', 'eye enucleations', 'facial mutilations', 'young patients', 'basal cell nevus', 'bradycardia', 'hypotension', 'congenital', 'hemiparesis', 'absent internal carotid artery']","['240', '347', '400', '437', '459', '50', '522', '538', '659', '670', '724']","['274', '365', '416', '455', '473', '66', '533', '549', '669', '681', '754']"
1484939,"['0001067', '0002664', '0100008', '0009588', '0000365', '0001250', '0001067']","['cataract', 'neurofibromatosis', 'tumour', 'susceptibility', 'vestibular', 'schwannomas', 'acoustic neuroma', 'cranial', 'meningiomas', 'spinal', 'tumours', 'deafness', 'Deafness', 'seizures', ' spots occurr', 'neurofibromatosis', 'Skin', 'tumours']","['1017', '1133', '1218', '1225', '267', '278', '291', '310', '318', '334', '341', '427', '485', '653', '839', '89', '906', '911']","['1025', '1150', '1224', '1239', '277', '289', '307', '317', '329', '340', '348', '435', '493', '661', '852', '106', '910', '918']"
9425907,['0000356'],"['anal, renal, limb and', 'ear anomalies', 'autosomal-', 'dominant', 'sporadic']","['116', '138', '53', '63', '852']","['137', '151', '63', '71', '860']"
7905534,[],"['de novo', 'de novo', 'familial cases', 'de novo', 'chromosomal abnormalities', 'mode of inheritance', 'autosomal', 'dominant', 'Sporadic cases', 'sporadic', 'cases', 'sporadic', 'cases', 'familial cases', 'de novo']","['107', '1168', '1482', '1622', '1929', '362', '403', '413', '446', '720', '729', '902', '911', '929', '998']","['114', '1175', '1496', '1629', '1954', '381', '412', '421', '460', '728', '734', '910', '916', '943', '1005']"
3180506,"['0002023', '0003246', '0000365', '0000365', '0000077']","['ear and', 'limb malformations', 'imperforate anus', 'prominent perineal raphe', 'rectoperineal fistula', 'triphalangeal thumb', 'preaxial hexadactyly', 'syndactyly', 'clinodactyly', 'preauricular protuberances', 'hypoplastic satyr ears', 'sensorineural', 'hearing loss', 'urorenal anomalies', 'limb anomalies', 'sensorineural', 'hearing loss', 'renal anomalies', 'Anorectal malformations', 'dominantly inherited', 'intrafamilial', 'variability', 'sporadically inherited', 'anal,', 'urorenal,']","['109', '117', '197', '215', '241', '264', '285', '307', '319', '333', '361', '385', '399', '416', '471', '487', '501', '518', '535', '60', '695', '709', '883', '93', '99']","['116', '135', '213', '239', '262', '283', '305', '317', '331', '359', '383', '398', '411', '434', '485', '500', '513', '533', '558', '80', '708', '720', '905', '98', '108']"
3547011,"['0000718', '0200040', '0002664']","['basal-cell carcinomata', 'medulloblastoma', 'meningioma', 'ovarian fibroma', 'ovarian', 'fibrosarcoma', 'fibrosarcoma of the jaws', 'cardiac fibroma', 'rhabdomyoma', 'basal-cell carcinoma', 'cysts of the jaws', 'skeletal--specifically', 'odontogenic keratocyst', 'aggression', 'basal cell cancers', 'rib--abnormalities', 'diagnosis of the disorder', 'abnormality--lies', 'odontogenic keratocyst', 'appears during', 'adolescence', 'skin', 'tumors', 'milia', 'epidermoid cysts', 'chalazia', 'comedones', 'palmar and', 'plantar', 'pits', 'skin', 'tumors', 'skin cancers', 'basal-cell carcinomas', 'comedones', 'somatic mutation', 'neoplasia']","['100', '1027', '1044', '1056', '1073', '1081', '1095', '1121', '1144', '11', '124', '147', '1598', '1635', '1649', '171', '1844', '1915', '319', '357', '372', '436', '441', '449', '456', '474', '484', '499', '510', '518', '541', '546', '804', '860', '887', '923', '972']","['122', '1042', '1054', '1071', '1080', '1093', '1119', '1136', '1155', '31', '141', '169', '1620', '1645', '1667', '189', '1869', '1932', '341', '371', '383', '440', '447', '454', '472', '482', '493', '509', '517', '522', '545', '552', '816', '881', '896', '939', '981']"
6973119,"['0000365', '0000365', '0000365']","['mixed', 'hearing loss', 'hearing loss', 'conduction', 'ankylosis of the stapes', 'disconnection of the ossicular chain', 'earpit', 'deafness']","['408', '414', '452', '480', '495', '524', '75', '82']","['413', '426', '464', '490', '518', '560', '81', '90']"
7246489,"['0000303', '0010808', '0001250']","['puppet-like', 'ataxic movements', 'microbrachycephaly', 'prognathism', 'tongue protrusion', 'inappropriate', 'paroxysms of', 'laughter', 'severe', 'mental', 'retardation', 'epilepsy']","['104', '116', '134', '154', '167', '190', '204', '217', '67', '74', '81', '94']","['115', '132', '152', '165', '184', '203', '216', '225', '73', '80', '92', '102']"
7091188,['0001317'],"['severe', 'mental', 'retardation', '""puppet-like"" gait', 'craniofacial abnormalities', 'frequent episodes of', 'laughter', 'unilateral', 'cerebellar atrophy', 'cerebellar abnormalities', 'Happy Puppet']","['175', '182', '189', '202', '237', '269', '290', '427', '438', '512', '53']","['181', '188', '200', '220', '263', '289', '298', '437', '456', '536', '65']"
6829601,[],"['hemangiomatous', 'branchial', 'clefts', 'lip pseudoclefts', 'unusual', 'facial appearance', 'microphthalmia', 'nasolacrimal duct obstruction', 'sporadic cases', 'unusual', 'craniofacial anomalies']","['101', '116', '126', '134', '166', '174', '217', '256', '300', '56', '64']","['115', '125', '132', '150', '173', '191', '231', '285', '314', '63', '86']"
8494033,['0001022'],"['Hypopigmentation', 'Hypopigmentation', 'albinism', 'nystagmus', 'strabismus', 'reduced retinal pigment', 'melanin pigment synthesis in the hair, skin, and eyes']","['1043', '140', '416', '531', '547', '568', '85']","['1059', '156', '424', '540', '557', '591', '138']"
8576558,"['0001250', '0002013', '0001250']","['movement problems', 'seizure', 'jerky movements', 'myoclonic', 'status epilepticus', 'partial', 'seizures', 'eye deviation', 'vomiting', 'childhood', 'epilepsies', 'seizures', 'electroencephalographic patterns', 'nonprogressive, age-dependent myoclonic', 'encephalopathy', 'ataxia', 'myoclonic', 'status epilepticus', 'abnormal movements, namely the jerky ones']","['109', '15', '195', '247', '257', '312', '320', '334', '352', '382', '402', '420', '433', '535', '575', '668', '751', '761', '824']","['126', '22', '210', '256', '275', '319', '328', '347', '360', '391', '412', '428', '465', '574', '589', '674', '760', '779', '865']"
3134615,"['0001067', '0001067', '0001067', '0001067', '0001067', '0001067', '0001067', '0001067', '0001067']","['neurofibromatosis', 'neurofibromatosis', 'intracranial', 'tumors', 'neurofibromatosis', 'neurofibromatosis', 'bilateral acoustic', 'neurofibromatosis', 'neurofibromatosis', 'neurofibromatosis', 'neurofibromatosis', 'central', 'nervous system', 'tumors', 'bilateral', 'acoustic neuromas', 'tumors', 'bilateral', 'acoustic neuromas', 'Meningiomas', 'ependymomas', 'young', 'patients', 'acoustic neuromas', 'Intracranial nontumoral calcifications', 'neurofibromatosis']","['1067', '1163', '1380', '1393', '156', '179', '211', '230', '378', '41', '452', '536', '544', '559', '592', '602', '633', '707', '717', '736', '752', '791', '797', '842', '888', '92']","['1084', '1180', '1392', '1399', '173', '196', '229', '247', '395', '58', '469', '543', '558', '565', '601', '619', '639', '716', '734', '747', '763', '796', '805', '859', '926', '109']"
1110452,['0002671'],"['autosomal', 'dominant', 'sporadic', 'cases', 'dominantly inheritable disorders', 'basal cell nevus', 'syndrome', 'sporadic', 'sporadic']","['108', '118', '217', '226', '260', '298', '315', '612', '65']","['117', '126', '225', '231', '292', '314', '323', '620', '73']"
11748306,"['0001250', '0001263', '0002167', '0001010', '0001250']","['motor skills', 'seizures', 'sporadic', 'seizure', 'developmental delay', 'mental', 'retardation', 'profound', 'speech impairment', 'movement and balance disorder', 'microcephaly', 'hypopigmentation', 'seizures']","['1048', '1077', '1350', '1769', '520', '547', '554', '567', '576', '597', '803', '817', '839']","['1060', '1085', '1358', '1776', '539', '553', '565', '575', '593', '626', '815', '833', '847']"
7625442,"['0000154', '0010808', '0000303', '0000687', '0002136']","['scoliosis', 'behavioral attributes', 'bursts of laughter', 'happy disposition', 'hyperactive behaviour', 'microcephaly', 'brachycephaly', 'macrostomia', 'tongue protrusion', 'mandibular', 'prognathism', 'widely spaced teeth', 'puppetlike movements', 'wide based gait', 'mental', 'retardation', 'absence of speech', 'diagnosis in infants', 'behavioral characteristics']","['1010', '138', '333', '353', '372', '395', '409', '424', '437', '456', '467', '480', '511', '550', '578', '585', '610', '661', '915']","['1019', '159', '351', '370', '393', '407', '422', '435', '454', '466', '478', '499', '531', '565', '584', '596', '627', '681', '941']"
10051003,"['0000356', '0000365', '0001199', '0002023']","['expression', 'external', 'ear anomalies', 'hearing loss', 'preaxial', 'polydactyly', 'triphalangeal thumbs', 'imperforate anus', 'renal malformations', 'mental', 'retardation', 'autosomal', 'dominant', 'disorder', 'variable']","['104', '139', '148', '163', '177', '186', '202', '224', '246', '344', '351', '35', '45', '54', '95']","['114', '147', '161', '175', '185', '197', '222', '240', '265', '350', '362', '44', '53', '62', '103']"
12235555,['0001067'],"['intracranial', 'meningiomas', 'intracranial', 'meningiomas', 'meningiomas', 'meningiomas', 'neurofibromatosis']","['1349', '1362', '305', '318', '600', '640', '86']","['1361', '1373', '317', '329', '611', '651', '103']"
657583,"['0000365', '0000077', '0000077', '0000365', '0000110', '0000377', '0000110']","['external', 'ear malformations', 'cervical fistulae', 'mixed', 'hearing loss', 'renal anomalies', 'renal anomalies', 'hearing loss', 'external', 'ear malformations', 'variable', 'renal dysplasia', 'autosomal', 'dominant', 'ear dysplasia', 'renal adysplasia', 'branchial arch malformations', 'Potter facies', 'auricular malformation', 'renal adysplasia']","['156', '165', '184', '203', '209', '226', '312', '372', '404', '413', '441', '52', '580', '590', '706', '720', '810', '895', '929', '956']","['164', '182', '201', '208', '221', '241', '327', '384', '412', '430', '449', '67', '589', '598', '719', '736', '838', '908', '951', '972']"
6964893,"['0000365', '0000365', '0000365', '0000365', '0000077', '0000365', '0012210']","['renal dysplasia', 'hearing loss', 'vestibular studies', 'renal function', 'earpits', 'earpits', 'deafness', 'autosomal', 'dominant', 'disorder', 'deafness', 'sensorineural,', 'conductive or', 'mixed', 'hearing loss', 'preauricular', 'pits', 'defects of the outer, middle and inner ear', 'lacrimal duct stenosis', 'branchial', 'fistulas', 'or cysts', 'branchial', 'renal anomalies', 'Pits', 'branchial', 'clefts', 'hearing loss', 'renal malformation']","['1232', '1444', '167', '198', '435', '43', '443', '467', '477', '486', '51', '534', '549', '563', '569', '583', '596', '613', '657', '681', '691', '700', '723', '743', '889', '895', '905', '916', '972']","['1247', '1456', '185', '212', '442', '50', '451', '476', '485', '494', '59', '548', '562', '568', '581', '595', '600', '655', '679', '690', '699', '708', '732', '758', '893', '904', '911', '928', '990']"
9207339,"['0001067', '0001067', '0001067', '0001067', '0001067', '0001067', '0001067', '0001067']","['Neurofibromatosis', 'neurofibromatosis', 'neurofibromatosis', 'neurofibromatosis', 'tumors', 'neurofibromatosis', 'neurofibromatosis', 'neurofibromatosis', 'neurofibromatosis', 'autosomal', 'neurofibromatosis', 'dominant']","['0', '1083', '1306', '1330', '149', '24', '374', '398', '478', '48', '502', '58']","['17', '1100', '1323', '1347', '155', '41', '391', '415', '495', '57', '519', '66']"
12357473,[],"['skeletal morphogenesis', 'autosomal', 'dominant', 'brachydactyly', 'type C', 'nonpenetrance']","['160', '277', '287', '296', '310', '610']","['182', '286', '295', '309', '316', '623']"
2888021,"['0001067', '0001067', '0002664']","['Bilateral acoustic', 'tumours of the nervous system', 'meningiomas', 'gliomas', 'neurofibromas', 'neurofibromatosis', 'bilateral', 'acoustic neuromas', 'BANF', 'neurofibromatosis', 'autosomal', 'tumours', 'dominant', 'meningiomas', 'acoustic neuromas', 'disorder', 'tumour', 'acoustic neuromas', 'nervous system', 'tumours']","['0', '118', '158', '171', '180', '19', '211', '221', '38', '441', '56', '579', '66', '706', '722', '75', '857', '954', '982', '997']","['18', '147', '169', '178', '193', '36', '220', '238', '42', '458', '65', '586', '74', '717', '739', '83', '863', '971', '996', '1004']"
8318482,"['0001067', '0000518', '0000518', '0001067', '0001067', '0000518', '0001067', '0000518', '0000518', '0000518', '0001067']","['capsular', 'cataract', 'neurofibromatosis', 'capsular', 'cataracts', 'lens opacities', 'neurofibromatosis', 'neurofibromatosis', 'cortical', 'cataracts', 'neurofibromatosis', 'cortical opacities', 'capsular', 'cataracts', 'cortical', 'cataracts', 'early onset', 'capsular', 'cataracts', 'neurofibromatosis']","['207', '216', '229', '272', '281', '457', '477', '571', '614', '623', '63', '733', '810', '819', '870', '879', '892', '942', '951', '992']","['215', '224', '246', '280', '290', '471', '494', '588', '622', '632', '80', '751', '818', '828', '878', '888', '903', '950', '960', '1009']"
6774282,"['0001067', '0009588', '0001067', '0001067', '0001067']","['Neurofibromatosis', 'neurofibromatosis', 'bilateral', 'acoustic neuroma', 'autosomal', 'dominant', 'disorder', 'skin changes', 'neurofibromatosis', 'neurofibromatosis', 'neurofibromatosis']","['0', '209', '232', '242', '265', '275', '284', '346', '391', '589', '721']","['17', '226', '241', '258', '274', '283', '292', '358', '408', '606', '738']"
998578,"['0000077', '0000365']","['preauricular', 'pits', 'severe renal dysgenesis', 'autosomal', 'Potter facies', 'renal agenesis', 'died soon after birth', 'dominant', 'pneumothorax', 'immature development of the lungs', 'renal agenesis or dysgenesis', 'preauricular', 'pits', 'renal anomalies', 'preauricular', 'pits', 'cervical fistulae', 'partial', 'deafness']","['139', '152', '161', '17', '222', '239', '265', '27', '298', '315', '383', '428', '441', '485', '48', '61', '67', '90', '98']","['151', '156', '184', '26', '235', '253', '286', '35', '310', '348', '411', '440', '445', '500', '60', '65', '84', '97', '106']"
2105641,"['0002664', '0001067', '0002664', '0002664']","['Neurofibromatosis', 'tumors of the nervous system', 'meningiomas', 'gliomas', 'neurofibromas', 'ependymomas', 'bilateral acoustic', 'acoustic neuromas', 'tumor', 'neurofibromatosis', 'tumor', 'tumor', 'autosomal', 'dominant', 'disorder']","['0', '151', '191', '204', '213', '228', '23', '258', '365', '42', '551', '676', '78', '88', '97']","['17', '179', '202', '211', '226', '239', '41', '275', '370', '59', '556', '681', '87', '96', '105']"
2012134,"['0001010', '0001022', '0001022', '0001263', '0001250', '0001290', '0002487']","['young', 'characteristic manifestations', 'hypopigmentation', 'albinism', 'oculocutaneous', 'albinism', 'profound', 'global', 'developmental delay', 'microcephaly', 'seizures', 'hypotonia', 'hyperreflexia', 'hyperkinesis', 'eye abnormalities', 'choroidal pigment hypoplasia', 'abnormal appearance']","['1051', '105', '1088', '1198', '228', '243', '559', '568', '575', '615', '638', '648', '659', '678', '756', '783', '856']","['1056', '134', '1104', '1206', '242', '251', '567', '574', '594', '627', '646', '657', '672', '690', '773', '811', '875']"
6928117,[],"['lower', 'lip', 'pits', 'involvement of the palate', 'Popliteal Pterygium', ', gums, and lips', 'involvement of the lower limbs, genitalia', ', and nails', 'cleft of the palate']","['112', '118', '122', '172', '18', '197', '227', '268', '88']","['117', '121', '126', '197', '37', '213', '268', '279', '107']"
12011146,"['0100008', '0002664', '0002664', '0002664', '0002664', '0002664', '0002664', '0002664', '0002664']","['Neurofibromatosis', 'schwannoma', 'meningiomas', 'contralateral', 'vestibular', 'schwannoma', 'young', 'vestibular', 'schwannoma', 'age', 'unilateral', 'vestibular', 'schwannomas', 'bilateral disease', 'tumours', 'tumour', 'exclude mosaicism', 'tumours', 'tumour', 'bilateral disease', 'unilateral', 'vestibular', 'schwannoma', 'tumour', 'tumour', 'tumour', 'tumour', 'multilobular', 'tumour', 'unilateral', 'tumour', 'vestibular', 'somatic mosaicism']","['0', '101', '1039', '1106', '1120', '1131', '117', '1217', '1228', '123', '1309', '1320', '1331', '1376', '1433', '1508', '1536', '1650', '1733', '179', '276', '287', '298', '415', '555', '618', '686', '709', '722', '79', '822', '90', '947']","['17', '111', '1050', '1119', '1130', '1141', '122', '1227', '1238', '126', '1319', '1330', '1342', '1393', '1440', '1514', '1553', '1657', '1739', '196', '286', '297', '308', '421', '561', '624', '692', '721', '728', '89', '828', '100', '964']"
8786067,"['0001250', '0002353']","['inappropriate', 'laughter', 'epilepsy', 'abnormal electroencephalogram', 'severe', 'abnormal methylation', 'mental', 'retardation', 'absent speech', 'puppet-like movements', 'abnormal methylation']","['108', '122', '132', '146', '43', '469', '50', '57', '70', '85', '884']","['121', '130', '140', '175', '49', '489', '56', '68', '83', '106', '904']"
8379998,['0002664'],"['Neurofibromatosis', 'nervous system', 'tumours', 'tumours', 'dominantly inherited', 'tumour']","['0', '108', '123', '369', '46', '515']","['17', '122', '130', '376', '66', '521']"
9182785,"['0001250', '0001344', '0001250']","['Outbursts of', 'laughter', 'epilepsy', 'Ocular abnormalities', 'ataxic', 'keratoconus', 'ataxic', 'hypermotoric limb movements', 'lack of speech', 'epilepsy', 'facial appearance', 'deep set eyes', 'microcephaly']","['1091', '1104', '1235', '1369', '1514', '1898', '288', '298', '327', '364', '378', '945', '964']","['1103', '1112', '1243', '1389', '1520', '1909', '294', '325', '341', '372', '395', '958', '976']"
1479599,"['0100008', '0009588', '0002664', '0100008', '0001067']","['heterogeneity', 'vestibular', 'schwannomas', 'acoustic neuroma', 'cranial', 'meningiomas', 'spinal', 'tumours', 'cataract', 'interfamilial differences', 'tumour', 'Vestibular', 'schwannomas', 'neurofibromatosis']","['1036', '282', '293', '306', '325', '333', '350', '357', '639', '692', '742', '765', '776', '96']","['1049', '292', '304', '322', '332', '344', '356', '364', '647', '717', '748', '775', '787', '113']"
1479598,"['0001067', '0100008']","['tumours', 'autosomal', 'dominant', 'inheritance', 'neurofibromatosis', 'bilateral', 'vestibular', 'schwannomas']","['1004', '375', '385', '394', '39', '892', '902', '913']","['1011', '384', '393', '405', '56', '901', '912', '924']"
10593995,"['0410030', '0000175', '0410030']","['Popliteal', 'pterygium', 'popliteal webbing', 'cleft lip', ',', 'cleft palate', 'lower', 'lip', 'pits', 'syndactyly', 'genital and', 'nail anomalies', 'isolated case', 'autosomal', 'autosomal', 'dominant', 'dominant', 'cleft lip', 'palate', 'lower', 'lip', 'pits', 'disorder']","['0', '10', '189', '208', '217', '219', '233', '239', '243', '249', '265', '277', '370', '45', '548', '558', '55', '583', '593', '625', '631', '635', '64']","['9', '19', '206', '217', '218', '231', '238', '242', '247', '259', '276', '291', '383', '54', '557', '566', '63', '592', '599', '630', '634', '639', '72']"
15734008,[],"['ocular manifestations', 'fundus lesion', 'left orbital dermoid cyst', 'branchial', 'cleft fistula', 'iris pigment epithelial cyst', 'hamartoma of the retina', 'retina pigment epithelium', 'craniofacial,', 'auricular,', 'oral, and', 'ophthalmic anomalies', 'lacrimal sac fistula', 'orbital dermoid cyst', 'iris pigment epithelial cyst', 'hamartoma of the retina', 'retinal pigment epithelium']","['14', '161', '225', '274', '284', '472', '584', '612', '680', '694', '705', '715', '790', '812', '834', '877', '905']","['35', '174', '250', '283', '297', '500', '607', '637', '693', '704', '714', '735', '810', '832', '862', '900', '931']"
2035528,[],"['mentally retarded', 'phenotypic abnormalities', 'abnormal development']","['13', '859', '970']","['30', '883', '990']"
11382639,"['0002664', '0002671', '0002671']","['basal cell carcinoma', 'frontal bossing', 'increased occipitofrontal circumference', 'palmar', 'pits', 'odontogenic keratocyst', 'ectopic calcification', 'bifid rib', 'basal cell carcinoma', 'basal cell carcinomas on the face', 'basal cell carcinoma', 'basal cell carcinoma', 'basal cell carcinoma', 'autosomal dominant', 'cancer', 'basal cell carcinoma', 'basal cell carcinomas', 'young', 'basal cell carcinoma', 'basal cell carcinoma', 'basal cell carcinoma', 'basal cell carcinoma', 'basal cell carcinomas']","['100', '1022', '1041', '1100', '1107', '1129', '1168', '1210', '1279', '1366', '1426', '1654', '1798', '1974', '1993', '2059', '2243', '2275', '2301', '244', '487', '768', '979']","['120', '1037', '1080', '1106', '1111', '1151', '1189', '1219', '1299', '1399', '1446', '1674', '1818', '1992', '1999', '2079', '2264', '2280', '2321', '264', '507', '788', '1000']"
18000979,[],"['limb malformation', 'limb malformation']","['304', '54']","['321', '71']"
3105060,"['0002664', '0001067', '0002664']","['Bilateral acoustic', 'tumor', 'neurofibromatosis', 'acoustic neuromas', 'neurofibromas', 'meningioma', 'tumor', 'neurofibromas', 'BANF', 'tumors', 'neurofibroma', 'acoustic neuromas', 'multiple', 'tumors', 'of neural crest']","['0', '1009', '19', '213', '236', '259', '351', '372', '38', '539', '557', '737', '80', '89', '96']","['18', '1014', '36', '230', '249', '269', '356', '385', '42', '545', '569', '754', '88', '95', '111']"
10440824,[],"['branchial', 'arch,', 'otic, and', 'renal malformations', 'unilateral duplication of the facial nerve', 'cholesteatoma', 'cholesteatoma', 'anomalies of the facial nerve', 'cholesteatoma', 'cholesteatoma', 'anomalies of the facial nerve']","['138', '148', '154', '164', '275', '376', '421', '439', '546', '59', '77']","['147', '153', '163', '183', '317', '389', '434', '468', '559', '72', '106']"
8954778,[],"['Brachydactyly type C', 'variable expression', 'autosomal', 'brachydactyly type C', 'dominant', 'disorder', 'abnormal segmentation of the index and middle fingers']","['0', '160', '27', '293', '37', '46', '72']","['20', '179', '36', '313', '45', '54', '125']"
2164325,['0000175'],"['cleft palate', 'toe', 'syndactyly', 'syndactyly', 'popliteal', 'variable expression', 'pterygium']","['186', '203', '207', '243', '36', '408', '46']","['198', '206', '217', '253', '45', '427', '55']"
730159,[],"['cysts of the jaw', 'abnormal calcifications', 'variable', 'autosomal', 'dominant', 'mode of inheritance', 'basal cell nevus syndrome', 'basal cell nevi', 'basal cell carcinoma']","['101', '148', '340', '418', '428', '437', '4', '59', '79']","['117', '171', '348', '427', '436', '456', '29', '74', '99']"
3063533,[],"['psychomotor', 'retardation']","['67', '79']","['78', '90']"
8352281,"['0002671', '0002664', '0002664']","['basal cell carcinomas', 'developmental defects', 'sporadic', 'basal cell nevus syndrome', 'tumor', 'heterogeneity', 'basal cell carcinoma', 'sporadic', 'skin lesions', 'cancer']","['153', '194', '405', '45', '465', '642', '7', '831', '901', '96']","['174', '215', '413', '70', '470', '655', '27', '839', '913', '102']"
7319144,[],"['unfocused"" activities ', 'happy puppet', 'Behavioral characteristics', 'seizure', 'non-adaptive behavior', 'early age']","['184', '24', '261', '355', '396', '550']","['206', '36', '287', '362', '417', '559']"
9225971,"['0100008', '0002664', '0001067']","['bilateral', 'vestibular', 'schwannomas', 'multiple', 'intracranial', 'meningiomas', 'neurinomas', 'retarded', 'tumor', 'multiple tumorigenesis', 'neurofibromatosis']","['128', '138', '149', '162', '171', '184', '200', '37', '555', '663', '66']","['137', '148', '160', '170', '183', '195', '210', '45', '560', '685', '83']"
9557895,[],"['heterogeneity', 'de novo', 'above abnormalities']","['11', '280', '994']","['24', '287', '1013']"
1951448,"['0000365', '0000365']","['hearing loss', 'hearing loss', 'mental', 'retardation', 'mental', 'retardation']","['101', '138', '227', '234', '62', '69']","['113', '150', '233', '245', '68', '80']"
12567410,"['0001762', '0004322', '0000924', '0004322']","['Premature vertebral end-plate disease', 'spondylolysis', 'spondylolisthesis', 'Axial skeletal involvement', 'Phenotypic variation', 'locus', 'heterogeneity', 'stochastic variation', 'nonpenetrance', 'clubfoot', 'short stature', 'spondylolysis', 'brachydactyly type C', 'nonpenetrance', 'skeletal abnormalities', 'vertical talus', 'developmental', 'hip dysplasia', 'short stature']","['1001', '1102', '1120', '1157', '1406', '1475', '1481', '1707', '1823', '1981', '1991', '2006', '389', '744', '829', '880', '905', '919', '947']","['1038', '1115', '1137', '1183', '1426', '1480', '1494', '1727', '1836', '1989', '2004', '2019', '409', '757', '851', '894', '918', '932', '960']"
712760,[],"['basal cell carcinoma', 'young daughters', 'basal cell carcinoma']","['145', '225', '258']","['165', '240', '278']"
6859100,['0000365'],"['or tag', 'duplication of the ureters', 'bifid renal pelvices', 'autosomal', 'dominant inheritance', 'reduced penetrance', 'variable', 'expressivity', 'bilateral', 'sensorineural', 'hearing loss', 'preauricular pit']","['110', '122', '152', '249', '259', '285', '308', '317', '53', '63', '77', '93']","['116', '148', '172', '258', '279', '303', '316', '329', '62', '76', '89', '109']"
16871364,[],"['Brachydactyly type A1', 'BDA1', 'BDA1', 'significant homogeneous phenotype', 'BDA1']","['0', '168', '23', '248', '422']","['21', '172', '27', '281', '426']"
8755919,['0001067'],"['sporadic', 'tumors', 'schwannomin', 'variability', 'numerous', 'neurofibromatosis', 'tumors', 'young age', 'mild condition much later in life', 'heterogeneity']","['1072', '1081', '1366', '182', '258', '25', '267', '279', '305', '379']","['1080', '1087', '1377', '193', '266', '42', '273', '288', '338', '392']"
3098672,['0001067'],"['neurofibromatosis', 'neurofibromas', 'chromosomal anomalies', 'meningiomas', 'neurofibromas', 'sporadic']","['103', '36', '537', '604', '620', '83']","['120', '49', '558', '615', '633', '91']"
18283415,[],"['limb phenotypes', 'skeletal dysplasia', 'brachydactyly type C', 'proximal', 'symphalangism', 'limb malformations']","['1165', '201', '231', '262', '271', '374']","['1180', '219', '251', '270', '284', '392']"
8658145,"['0002671', '0002664', '0002664']","['basal cell carcinomas', 'cancer', 'somatic mutation', 'sporadic', 'basal cell nevus syndrome', 'developmental abnormalities', 'tumor']","['140', '192', '243', '265', '4', '57', '619']","['161', '198', '259', '273', '29', '84', '624']"
2667456,[],"['dominant', 'transmission', 'intrafamilial', 'variability', 'of the phenotype', 'isolated cases', 'cardiac defect', 'ossicular anomalies']","['101', '110', '128', '142', '154', '206', '61', '77']","['109', '122', '141', '153', '170', '220', '75', '96']"
7485365,"['0000518', '0000518', '0001067', '0000518', '0001067', '0001067', '0001067', '0001067', '0000518', '0001067', '0001067']","['cataracts', 'cataracts', 'developmental', 'abnormalities of the eye', 'childhood', 'adolescence', 'ocular abnormalities', 'neurofibromatosis', 'cataracts', 'retinal hamartomas', 'ocular motor deficits', 'neurofibromatosis', 'cataract', 'neurofibromatosis', 'ocular abnormalities', 'posterior subcapsular or', 'capsular', 'cataract', 'cortical', 'cataract', 'neurofibromatosis', 'sporadic', 'neurofibromatosis', 'cranial and', 'spinal magnetic', 'ocular abnormalities', 'posterior subcapsular or', 'capsular,', 'cortical, or mixed', 'lens opacities', 'neurofibromatosis', 'neurofibromatosis', 'retinal hamartomas']","['1048', '1131', '1182', '1196', '1244', '1257', '1345', '1381', '1412', '1423', '1447', '1621', '1655', '1692', '16', '1728', '1753', '1762', '1775', '1784', '255', '371', '380', '542', '554', '663', '689', '714', '724', '743', '75', '790', '814']","['1057', '1140', '1195', '1220', '1253', '1268', '1365', '1398', '1421', '1441', '1468', '1638', '1663', '1709', '36', '1752', '1761', '1770', '1783', '1792', '272', '379', '397', '553', '569', '683', '713', '723', '742', '757', '92', '807', '832']"
3943073,['0002671'],"['sporadic', 'cases', 'basal cell nevus']","['207', '216', '51']","['215', '221', '67']"
18701717,['0002360'],"['sleep disturbances', 'morphological abnormalities', 'catalytic cysteine', 'neurological disorder', 'nervous system', 'abnormal locomotive behavior', 'severe', 'mental', 'in the nervous system', 'retardation', 'loss of motor coordination']","['127', '1424', '1479', '23', '479', '649', '68', '75', '770', '82', '95']","['145', '1451', '1497', '44', '493', '677', '74', '81', '791', '93', '121']"
6846397,"['0000077', '0000077', '0000086']","['bilateral', 'renal agenesis', 'Potter syndrome', 'renal anomalies', 'oligohydramnios', 'renal agenesis', 'renal anomalies', 'bilateral', 'renal agenesis', 'renal ectopia']","['124', '134', '167', '236', '294', '372', '460', '571', '581', '75']","['133', '148', '182', '251', '309', '386', '475', '580', '595', '88']"
12900905,[],"['blood stools', 'scoliosis', 'infancy', 'multiple nevi', 'palmar and', 'plantar', 'pits', 'jaw cysts', 'calcification of the falx cerebri', 'edematous and spotty bleeding mucosa', 'ulcerative', 'colitis', 'ulcerative', 'colitis', 'ulcerative', 'colitis', 'childhood', 'ulcerative', 'intestinal disorders', 'colitis']","['126', '163', '182', '221', '236', '247', '255', '261', '276', '386', '522', '533', '596', '607', '766', '777', '807', '84', '911', '95']","['138', '172', '189', '234', '246', '254', '259', '270', '309', '422', '532', '540', '606', '614', '776', '784', '816', '94', '931', '102']"
10066029,"['0002671', '0000924', '0002514']","['trait', 'variable', 'expressivity', 'basal cell carcinomas', 'odontogenic', 'keratocysts of the jaws', 'palmar and/or', 'plantar', 'pits', 'skeletal abnormalities', 'intracranial calcifications', 'Jaw cysts', 'calcification of falx cerebri', 'BCCs', 'plantar', 'pits', 'skin pigmentation', 'basal cell carcinoma', 'autosomal', 'dominant']","['108', '143', '152', '208', '238', '250', '275', '289', '297', '303', '330', '433', '447', '534', '550', '558', '699', '7', '89', '99']","['113', '151', '164', '229', '249', '273', '288', '296', '301', '325', '357', '442', '476', '538', '557', '562', '716', '27', '98', '107']"
12404110,[],"['profoundly', 'deaf', 'genetic', 'heterogeneity', 'autosomal', 'dominant', 'disorder']","['111', '122', '314', '322', '55', '65', '74']","['121', '126', '321', '335', '64', '73', '82']"
1931625,"['0002664', '0002664']","['medulloblastoma', 'basal cell carcinomata', 'medulloblastoma', 'brain', 'tumour', 'medulloblastoma', 'medulloblastoma', 'childhood', 'early age of onset', 'brain', 'medulloblastoma', 'tumour']","['104', '1055', '172', '472', '478', '522', '673', '80', '850', '90', '915', '96']","['119', '1077', '187', '477', '484', '537', '688', '89', '868', '95', '930', '102']"
1456287,['0001611'],"['hypernasal speech', 'continued growth along the third centile']","['189', '212']","['206', '252']"
1583664,['0000378'],"['autosomal', 'shortening of the big toes', 'cupped ears', 'dominant', 'brachydactyly type C']","['18', '202', '251', '28', '49']","['27', '228', '262', '36', '69']"
19533801,[],"['developmental anomalies', 'basal cell carcinoma', 'medulloblastoma', 'autosomal', 'medulloblastoma', 'dominant', 'medulloblastoma']","['123', '180', '205', '40', '491', '50', '719']","['146', '200', '220', '49', '506', '58', '734']"
3740720,['0000365'],"['conductive', 'sensorineural', 'renal dysplasia', 'preauricular', 'pits', 'auricular deformities', 'fistulas', 'renal malformations', 'autosomal', 'dominant', 'hearing loss']","['112', '124', '13', '154', '167', '173', '232', '246', '300', '310', '96']","['122', '137', '28', '166', '171', '194', '240', '265', '309', '318', '108']"
3585943,[],"['isolated cases', 'autosomal recessive', 'inheritance']","['115', '475', '495']","['129', '494', '506']"
4006277,"['0000365', '0000077']","['ear', 'pits', 'branchial', 'cleft cysts', 'deafness', 'renal anomalies', 'autosomal', 'dominant', 'trait', 'cranial nerve', 'lacrimal stenosis']","['101', '105', '111', '121', '134', '147', '189', '199', '208', '411', '454']","['104', '109', '120', '132', '142', '162', '198', '207', '213', '424', '471']"
11425952,['0001067'],"['abnormal cell-cell contacts', 'neurofibromatosis']","['231', '34']","['258', '51']"
8103288,[],"['Dysmorphogenesis', 'mental', 'retardation', 'de novo']","['204', '228', '235', '588']","['220', '234', '246', '595']"
7628117,[],"['popliteal', 'pterygium', 'popliteal', 'pterygium']","['329', '339', '63', '73']","['338', '348', '72', '82']"
3287922,"['0001371', '0002804', '0002804']","['prenatally diagnosed cases', 'distal', 'multiple', 'joint', 'contractures', 'arthrogryposis', 'distal', 'arthrogryposis', 'variability']","['364', '36', '394', '403', '409', '43', '541', '548', '598']","['390', '42', '402', '408', '421', '57', '547', '562', '609']"
10417280,[],"['de novo', 'somatic-cell hybrids', 'neurobehavioral disorders']","['223', '666', '68']","['230', '686', '93']"
10861661,['0001250'],"['absence of speech', 'microcephaly', 'epilepsy']","['1025', '659', '836']","['1042', '671', '844']"
8981943,['0002671'],"['basal cell carcinoma', 'sporadic', 'basal cell carcinomas', 'variability', 'germinal mosaicism', 'variable', 'phenotypic', 'variability']","['111', '171', '180', '238', '672', '759', '791', '802']","['131', '179', '201', '249', '690', '767', '801', '813']"
11484202,"['0000365', '0001627', '0002023', '0001627', '0001155', '0009778']","['sensorineural', 'hearing loss', 'sporadic', 'Within and between families, the phenotype displays striking', 'variability', 'cardiac anomalies', 'imperforate anus', 'truncus arteriosus', 'pulmonary valve atresia', 'cardiac anomalies', 'hand anomalies', 'cardiac evaluation', 'hypoplastic thumbs', 'ear malformations']","['110', '124', '153', '163', '224', '455', '49', '508', '585', '644', '67', '780', '864', '87']","['123', '136', '161', '223', '235', '472', '65', '526', '608', '661', '81', '798', '882', '104']"
3409926,"['0001250', '0002329']","['early age', 'seizures', 'EEG abnormalities', 'Persistent rhythmic 4-6/s activities', 'drowsiness', 'young', 'age']","['1174', '260', '328', '376', '463', '881', '887']","['1183', '268', '345', '412', '473', '886', '890']"
9931336,"['0002671', '0002664', '0002671']","['sporadic', 'basal cell carcinomas', 'medulloblastomas', 'tumour', 'basal cell carcinomas', 'medulloblastomas', 'medulloblastoma', 'basal cell carcinoma', 'tumours', 'basal cell carcinoma']","['149', '158', '184', '239', '705', '734', '809', '866', '953', '97']","['157', '179', '200', '245', '726', '750', '824', '886', '960', '117']"
11078565,"['0040082', '0002136', '0410018', '0000365', '0000490', '0000154', '0000687', '0001250', '0001263', '0002167']","['inappropriate', 'happy demeanor', 'wide-based gait', 'frequent ear infections', 'hearing loss', 'deep-set eyes', 'wide mouth', 'widely-spaced teeth', 'mild to', 'seizures', 'moderate', 'global', 'developmental delay', 'speech impairment']","['104', '118', '134', '151', '185', '199', '216', '228', '24', '283', '32', '41', '48', '85']","['117', '132', '149', '174', '197', '212', '226', '247', '31', '291', '40', '47', '67', '102']"
1456285,['0001067'],"['neurofibromatosis', 'bilateral', 'acoustic', 'paraspinal neurinoma', 'neurinomas', 'other', 'tumors', 'central', 'nervous system']","['113', '35', '45', '461', '54', '69', '75', '89', '97']","['130', '44', '53', '481', '64', '74', '81', '96', '111']"
6631421,"['0001513', '0001513']","['thumb ankylosis', 'young', 'obesity', 'retardation', 'slight dysmorphia', 'type A brachydactylia,', 'obesity', 'coxa-epiphysiolysis', 'ankylosis of both thumbs', 'vertical inheritance', 'mental', 'retardation']","['118', '2', '36', '410', '425', '446', '478', '49', '503', '534', '85', '92']","['133', '7', '43', '421', '442', '468', '485', '68', '527', '554', '91', '103']"
8669439,"['0002023', '0001140', '0011332', '0000384', '0000154', '0000356']","['system abnormalities', 'craniofacial findings', 'craniofacial manifestations', 'imperforate anus', 'epibulbar dermoids', 'characteristic anal, thumb', 'hemifacial microsomia', 'preauricular tags', 'macrostomia', 'micrognathia', 'ear anomalies']","['141', '227', '353', '534', '663', '67', '683', '706', '725', '742', '99']","['161', '248', '380', '550', '681', '93', '704', '723', '736', '754', '112']"
1672177,[],"['mental', 'retardation']","['65', '72']","['71', '83']"
1745350,['0001067'],"['neurofibromas', ' spots (CLS),', 'the s', 'neurof', 'bromas withou', 'cutaneous', 'tumors', 'Lisch nodules', 'acoustic', 'tumors', 'autosomal', 'dominant inheritance', 'neurofibromatosis', 'spinal']","['103', '133', '147', '165', '172', '227', '237', '245', '263', '272', '355', '365', '51', '96']","['116', '146', '152', '171', '185', '236', '243', '258', '271', '278', '364', '385', '68', '102']"
10712204,[],"['Brachydactyly type A-1', 'autosomal', 'dominant', 'inheritance', 'BDA1', 'BDA1']","['0', '105', '115', '124', '24', '440']","['22', '114', '123', '135', '28', '444']"
15994874,[],"['Neurofibromatosis', 'tumours', 'variability', 'intracranial', 'meningiomas', 'greater', 'variability']","['0', '1103', '193', '540', '553', '86', '94']","['17', '1110', '204', '552', '564', '93', '105']"
9831341,"['0002591', '0001513']","['overgrowth', 'hyperphagia', 'obesity', 'overgrowth']","['46', '670', '686', '699']","['56', '681', '693', '709']"
10767004,"['0007678', '0000365', '0000077']","['craniofacial,', 'skin defects', 'auricular,', 'cervical', 'pits', 'cysts', 'ophthalmologic, and', 'nasolacrimal duct stenosis', 'deafness', 'prehelical', 'pits', 'malformed pinna', 'renal anomalies', 'oral anomalies']","['15', '168', '29', '307', '316', '322', '40', '523', '551', '561', '572', '578', '599', '60']","['28', '180', '39', '315', '320', '327', '59', '549', '559', '571', '576', '593', '614', '74']"
15385437,[],"['mental', 'retardation', 'somatic mosaicism', 'mosaicism']","['1162', '1169', '531', '751']","['1168', '1180', '548', '760']"
11455389,[],"['Brachydactyly type A-1', 'autosomal-', 'dominant inheritance', 'BDA-1', 'shortening or', 'missing of the middle phalanges']","['0', '237', '247', '24', '63', '77']","['22', '247', '267', '29', '76', '108']"
1362220,[],"['sporadic', 'cases', 'familial AS', 'autosomal', 'dominant inheritance']","['348', '357', '397', '497', '507']","['356', '362', '408', '506', '527']"
19206155,['0000365'],"['renal abnormalities', 'branchial', 'arch abnormalities', 'dominant', 'hearing loss', 'renal abnormalities', 'heterogeneous', 'disorder inherited', 'autosomal', 'dominant']","['1149', '117', '127', '1390', '147', '164', '33', '47', '72', '82']","['1168', '126', '145', '1398', '159', '183', '46', '65', '81', '90']"
7446562,"['0001371', '0001371', '0001776', '0002804']","['congenital', 'joint', 'contractures', 'ulnar deviation', 'contractures', 'bilateral clubfeet', 'autosomal-', 'dominant inheritance', 'arthrogryposis']","['109', '120', '126', '156', '199', '240', '401', '411', '540']","['119', '125', '138', '171', '211', '258', '411', '431', '554']"
8592325,[],"['Type A1', 'brachydactyly', 'type A1', 'fusion of the middle and terminal phalanges', 'type A1', 'brachydactyly', 'distal limb development', 'shortening of the middle phalanx of all digits', 'brachydactyly', 'limb buds']","['0', '1060', '1074', '139', '246', '254', '380', '76', '8', '912']","['7', '1073', '1081', '182', '253', '267', '403', '122', '21', '921']"
3281570,[],"['feet abnormalities', 'type C', 'brachydactyly', 'incomplete penetrance']","['102', '12', '19', '76']","['120', '18', '32', '97']"
3674117,"['0001290', '0001513', '0001263']","['clinical', 'heterogeneity', 'hypotonia', 'of', 'infancy', 'obesity', 'developmental delay', 'molecular abnormalities']","['297', '306', '741', '751', '754', '763', '776', '909']","['305', '319', '750', '753', '761', '770', '795', '932']"
15150776,[],"['sporadic', 'spasticity', 'cerebral palsy', 'cerebral atrophy', 'brain malformation']","['243', '656', '705', '752', '871']","['251', '666', '719', '768', '889']"
9012416,"['0001371', '0002804']","['Distal', 'multiple', 'congenital', 'contractures', 'arthrogryposis']","['0', '120', '129', '140', '7']","['6', '128', '139', '152', '21']"
15470370,"['0001290', '0001250', '0002167']","['hypotonia', 'seizures', 'microcephaly', 'ataxia', 'behavioral', 'variability', 'speech impairment']","['1241', '1351', '1382', '1401', '178', '189', '912']","['1250', '1359', '1394', '1407', '188', '200', '929']"
955942,"['0001249', '0001250']","['microbrachycephaly', 'peculiar face', 'mental deficiency', 'euphoria', 'laughter', 'ataxia', 'epilepsy', 'infantile spasms', 'grand-mal attacks']","['176', '199', '214', '237', '250', '260', '271', '294', '315']","['194', '212', '231', '245', '258', '266', '279', '310', '332']"
11343340,"['0000717', '0001263']","['retardation', 'cerebral palsy', 'static', 'encephalopathy', 'autism', 'developmental delay', 'mitochondrial disorders']","['749', '828', '844', '851', '892', '928', '959']","['760', '842', '850', '865', '898', '947', '982']"
8042673,"['0002671', '0002671']","['basal cell carcinoma', 'basal cell carcinomas', 'basal cell nevus']","['37', '527', '96']","['57', '548', '112']"
6261046,['0002664'],"['left ventricular fibroma', 'tumor', 'ventricular arrhythmia', 'enlarged cardiac silhouette']","['256', '286', '331', '37']","['280', '291', '353', '64']"
8923936,"['0001760', '0002804']","['overlapping fingers', 'abnormal digital flexion creases', 'foot deformities', 'talipes equinovarus', 'vertical talus', 'intrafamilial variation', 'distal', 'arthrogryposis']","['175', '205', '243', '271', '295', '328', '85', '92']","['194', '237', '259', '290', '309', '351', '91', '106']"
2705922,"['0000518', '0000518', '0001067']","['posterior', 'capsular', 'cataract', 'posterior capsular', 'lens opacities', 'lens opacities', 'neurofibromatosis', 'early associated manifestation']","['133', '143', '152', '250', '269', '430', '48', '723']","['142', '151', '160', '268', '283', '444', '65', '753']"
6823972,[],['basal cell naevus'],['67'],['84']
18285427,[],"['autosomal', 'dominant', 'basal cell carcinoma', 'inhibitory activities']","['64', '74', '8', '958']","['73', '82', '28', '979']"
14717907,[],"['ear and', 'kidney anomalies', 'renal diseases', 'ear and', 'kidney clinical syndromes']","['24', '32', '344', '378', '386']","['31', '48', '358', '385', '411']"
10982040,[],['neuro-developmental disorder'],['23'],['51']
7468659,"['0000365', '0000365']","['autosomal', 'dominant', 'renal dysplasia', 'preauricular pit', 'hearing loss', 'hearing impairment', 'preauricular', 'renal dysplasia', 'pits']","['327', '337', '403', '474', '565', '661', '68', '754', '81']","['336', '345', '418', '490', '577', '679', '80', '769', '85']"
9486718,[],"['exotropia', 'cystic mass in the left posterior alveolar ridge', 'odontogenic keratocysts', 'palmar and plantar pitting', 'exotropia', 'odontogenic keratocyst', 'basal cell carcinoma']","['138', '174', '253', '282', '455', '518', '7']","['147', '222', '276', '308', '464', '540', '27']"
12384778,[],"['Brachydactyly type A1', 'BDA1', 'BDA1', 'intrafamilial phenotypic', 'heterogeneity', 'autosomal', 'dominant']","['0', '194', '23', '538', '563', '74', '84']","['21', '198', '27', '562', '576', '83', '92']"
1789288,[],"['acoustic neuromas', 'acoustic neuromas', 'early age', 'acoustic neuromas']","['186', '458', '490', '565']","['203', '475', '499', '582']"
2309778,[],"['heterogeneity', 'sporadic cases', 'sporadic cases']","['1161', '463', '627']","['1174', '477', '641']"
1750770,['0002664'],"['dominantly inherited', 'skin', 'cancer', 'abnormal ribs', 'preterm infants']","['228', '268', '273', '84', '9']","['248', '272', '279', '97', '24']"
292745,"['0002671', '0000924']","['basal cell carcinomas', 'jaw lesions', 'skin', 'tumours', 'odontogenic keratocysts', 'bifid ribs', 'calcification of the falx cerebri', 'skeletal abnormalities']","['397', '436', '559', '564', '584', '658', '679', '731']","['418', '447', '563', '571', '607', '668', '712', '753']"
9556704,[],"['mental', 'retardation', 'structural abnormality', 'abnormality results', 'multiple anomalies']","['111', '118', '1321', '755', '88']","['117', '129', '1343', '774', '106']"
8317476,[],"['phenotypic abnormality', 'dominant', 'mode of inheritance']","['139', '260', '327']","['161', '268', '346']"
14735582,[],"['Brachydactyly type C', 'hyperphalangy', 'deviation of the second and third digits', 'shortening of the middle phalanges of the index', 'shortening of the metacarpals', 'metacarpophalangeal profiles']","['0', '127', '408', '47', '750', '835']","['20', '140', '448', '94', '779', '863']"
2354548,[],"['autosomal', 'dominant', 'autosomal', 'dominant', 'branchial cleft']","['223', '233', '39', '49', '58']","['232', '241', '48', '57', '73']"
7835901,[],"['basal cell carcinoma', 'malformations and carcinogenesis']","['179', '261']","['199', '293']"
11152153,[],"['preaxial', 'polydactyly', 'preaxial', 'polydatyly']","['167', '176', '68', '77']","['175', '187', '76', '87']"
11338037,[],"['bilateral mandibular coronoid processes hyperplasia', 'bilateral hyperplasia of the mandibular coronoid processes', 'basal cell carcinoma']","['107', '214', '55']","['158', '272', '75']"
3100017,"['0001067', '0001067']","['neurofibromatosis', 'neurofibromatosis']","['331', '95']","['348', '112']"
8102569,['0001067'],"['neurofibromatosis', 'sarcoma']","['28', '673']","['45', '680']"
11342693,['0001067'],"['neurofibromatosis', 'monocular elevator paresis', 'schwannomas, of the third nerve', 'monocular elevator paresis', 'schwannoma']","['125', '187', '275', '337', '502']","['142', '213', '306', '363', '512']"
16957682,[],"['brachydactyly type C', 'proximal', 'symphalangism', 'brachydactyly']","['186', '296', '305', '99']","['206', '304', '318', '112']"
18629882,[],"['Brachydactyly type A1', 'autosomal dominant disorder', 'limb malformation', 'shortening of the middle phalanges in all digits']","['0', '201', '27', '72']","['21', '228', '44', '120']"
8808282,"['0000365', '0000077']","['hearing loss', 'renal anomalies', 'autosomal', 'dominant', 'disorder', 'branchial', 'abnormality']","['108', '126', '40', '50', '59', '85', '95']","['120', '141', '49', '58', '67', '94', '106']"
8092199,['0000365'],"['autosomal', 'dominant', 'form', 'hearing impairment']","['44', '54', '63', '71']","['53', '62', '67', '89']"
8145850,"['0400005', '0400005']","['short ear', 'short ear']","['750', '910']","['759', '919']"
7417945,[],['basal cell carcinoma'],['92'],['112']
3321989,[],['happy puppet'],['37'],['49']
2893543,['0004322'],"['cystic fibrosis', 'short stature']","['14', '34']","['29', '47']"
12136076,"['0001067', '0002664']","['neurofibromatosis', 'tumor']","['17', '43']","['34', '48']"
9949213,[],"['juvenile lethality', 'vesicular trafficking', 'developmental abnormalities']","['1004', '449', '972']","['1022', '470', '999']"
1363801,[],"['familial AS', 'mental', 'retardation']","['1231', '68', '75']","['1242', '74', '86']"
10196695,[],['biparental inheritance'],['399'],['421']
11896453,['0000717'],['autism'],['257'],['263']
