DISEASE_ID,DISEASE_NAME
OMIM:121210,"Febrile Seizures, Familial, 1"
OMIM:159600,"Myoclonic Epilepsy, Hartung Type"
OMIM:159700,Myoclonus And Ataxia
OMIM:159950,Spinal Muscular Atrophy With Progressive Myoclonic Epilepsy
OMIM:172500,"Photomyoclonus, Diabetes Mellitus, Deafness, Nephropathy, And Cerebraldysfunction"
OMIM:203700,Mitochondrial Dna Depletion Syndrome 4a (alpers Type)
OMIM:208700,Ataxia With Myoclonic Epilepsy And Presenile Dementia
OMIM:209010,"Atherosclerosis, Premature, With Deafness, Nephropathy, Diabetes Mellitus,photomyoclonus, And Degenerative Neurologic Disease"
OMIM:212200,Carnosinemia
OMIM:220300,"Deafness, Congenital, And Familial Myoclonic Epilepsy"
OMIM:226800,"Epilepsy, Photogenic, With Spastic Diplegia And Mental Retardation"
OMIM:230600,"Gm1-gangliosidosis, Type Ii"
OMIM:231000,"Gaucher Disease, Type Iii"
OMIM:235830,Histidinuria Due To A Renal Tubular Defect
OMIM:236900,Hydroxylysinuria
OMIM:238970,Hyperornithinemia-hyperammonemia-homocitrullinuria Syndrome
OMIM:239500,"Hyperprolinemia, Type I"
OMIM:251280,"Microcephaly, Seizures, Spasticity, And Brain Calcifications"
OMIM:254770,"Epilepsy, Myoclonic Juvenile"
OMIM:254780,Myoclonic Epilepsy Of Lafora
OMIM:254800,Myoclonic Epilepsy Of Unverricht And Lundborg
OMIM:254900,"Epilepsy, Progressive Myoclonic, 4, With Or Without Renal Failure"
OMIM:257300,Mosaic Variegated Aneuploidy Syndrome 1
OMIM:257320,Lissencephaly 2
OMIM:259720,"Osteopetrosis, Autosomal Recessive 5"
OMIM:266100,"Epilepsy, Pyridoxine-dependent"
OMIM:271245,Mitochondrial Dna Depletion Syndrome 7 (hepatocerebral Type)
OMIM:271900,Canavan Disease
OMIM:271980,Succinic Semialdehyde Dehydrogenase Deficiency
OMIM:300088,"Epileptic Encephalopathy, Early Infantile, 9"
OMIM:300243,"Mental Retardation, X-linked, Syndromic, Christianson Type"
OMIM:300388,"Polymicrogyria, Bilateral Perisylvian"
OMIM:300672,"Epileptic Encephalopathy, Early Infantile, 2"
OMIM:300801,Chromosome Xp11.23-p11.22 Duplication Syndrome
OMIM:300842,Mcleod Syndrome
OMIM:300848,"Mental Retardation, X-linked 89"
OMIM:300849,"Mental Retardation, X-linked 41"
OMIM:300868,Multiple Congenital Anomalies-hypotonia-seizures Syndrome 2
OMIM:300912,"Mental Retardation, X-linked 98"
OMIM:301020,"Mitochondrial Complex I Deficiency, Nuclear Type 12"
OMIM:308350,"Epileptic Encephalopathy, Early Infantile, 1"
OMIM:310370,"Myoclonic Epilepsy, Progressive"
OMIM:311400,Paine Syndrome
OMIM:545000,Myoclonic Epilepsy Associated With Ragged-red Fibers
OMIM:600131,"Epilepsy, Childhood Absence, Susceptibility To, 1"
OMIM:600176,"Pachygyria With Mental Retardation, Seizures, And Arachnoid Cysts"
OMIM:600669,"Epilepsy, Idiopathic Generalized"
OMIM:601068,"Epilepsy, Familial Adult Myoclonic, 1"
OMIM:601764,"Seizures, Benign Familial Infantile, 1"
OMIM:602066,"Convulsions, Familial Infantile, With Paroxysmal Choreoathetosis"
OMIM:602477,"Febrile Seizures, Familial, 2"
OMIM:603204,"Epilepsy, Nocturnal Frontal Lobe, 2"
OMIM:604233,"Generalized Epilepsy With Febrile Seizures Plus, Type 1"
OMIM:604352,"Febrile Seizures, Familial, 4"
OMIM:604403,"Generalized Epilepsy With Febrile Seizures Plus, Type 2"
OMIM:605013,Microhydranencephaly
OMIM:605021,"Myoclonic Epilepsy, Familial Infantile"
OMIM:605751,"Seizures, Benign Familial Infantile, 2"
OMIM:606369,Macrocephaly And Epileptic Encephalopathy
OMIM:606812,Fumarase Deficiency
OMIM:607208,Dravet Syndrome
OMIM:607628,Epilepsy With Grand Mal Seizures On Awakening
OMIM:607631,"Epilepsy, Juvenile Absence"
OMIM:607681,"Febrile Seizures, Familial, 8"
OMIM:607682,"Epilepsy, Idiopathic Generalized, Susceptibility To, 9"
OMIM:608096,"Epilepsy, Familial Temporal Lobe, 2"
OMIM:609056,Salt And Pepper Developmental Regression Syndrome
OMIM:609253,"Febrile Seizures, Familial, 6"
OMIM:609255,"Febrile Seizures, Familial, 5"
OMIM:609304,"Epileptic Encephalopathy, Early Infantile, 3"
OMIM:609446,"Paroxysmal Nonkinesigenic Dyskinesia, 3, With Or Without Generalized Epilepsy"
OMIM:610042,Pitt-hopkins-like Syndrome 1
OMIM:610127,"Ceroid Lipofuscinosis, Neuronal, 10"
OMIM:610293,Glycosylphosphatidylinositol Deficiency
OMIM:610951,"Ceroid Lipofuscinosis, Neuronal, 7"
OMIM:611182,"Congenital Disorder Of Glycosylation, Type Iih"
OMIM:611364,"Myoclonic Epilepsy, Juvenile, Susceptibility To, 4"
OMIM:611634,"Febrile Convulsions, Familial, 9"
OMIM:611721,Combined Saposin Deficiency
OMIM:611726,"Epilepsy, Progressive Myoclonic, 3, With Or Without Intracellular Inclusions"
OMIM:612164,"Epileptic Encephalopathy, Early Infantile, 4"
OMIM:612269,"Epilepsy, Childhood Absence, Susceptibility To, 5"
OMIM:612437,"Epilepsy, Progressive Myoclonic 1b"
OMIM:612691,"Polymicrogyria, Bilateral Temporooccipital"
OMIM:613060,"Epilepsy, Idiopathic Generalized, Susceptibility To, 10"
OMIM:613161,Beta-ureidopropionase Deficiency
OMIM:613328,Roifman-chitayat Syndrome
OMIM:613721,"Epileptic Encephalopathy, Early Infantile, 11"
OMIM:613722,"Epileptic Encephalopathy, Early Infantile, 12"
OMIM:613839,Megaloblastic Anemia Due To Dihydrofolate Reductase Deficiency
OMIM:613863,"Generalized Epilepsy With Febrile Seizures Plus, Type 7"
OMIM:613870,"Hirschsprung Disease, Cardiac Defects, And Autonomic Dysfunction"
OMIM:614018,"Epilepsy, Progressive Myoclonic, 6"
OMIM:614231,"Microcephaly, Epilepsy, And Diabetes Syndrome"
OMIM:614265,Combined Malonic And Methylmalonic Aciduria
OMIM:614280,"Epilepsy, Juvenile Myoclonic, Susceptibility To, 9"
OMIM:614307,Alpha-methylacyl-coa Racemase Deficiency
OMIM:614388,Encephalopathy Due To Defective Mitochondrial And Peroxisomal Fission 1
OMIM:614457,"Ichthyosis, Spastic Quadriplegia, And Mental Retardation"
OMIM:614487,"Spastic Ataxia 5, Autosomal Recessive"
OMIM:614498,"Rigidity And Multifocal Seizure Syndrome, Lethal Neonatal"
OMIM:614652,"Coenzyme Q10 Deficiency, Primary, 3"
OMIM:614706,"Ceroid Lipofuscinosis, Neuronal, 11"
OMIM:614820,Alternating Hemiplegia Of Childhood 2
OMIM:614959,"Epileptic Encephalopathy, Early Infantile, 14"
OMIM:615005,"Epilepsy, Nocturnal Frontal Lobe, 5"
OMIM:615338,"Epileptic Encephalopathy, Early Infantile, 16"
OMIM:615369,"Epileptic Encephalopathy, Childhood-onset"
OMIM:615473,"Epileptic Encephalopathy, Early Infantile, 17"
OMIM:615476,"Epileptic Encephalopathy, Early Infantile, 18"
OMIM:615501,"Molybdenum Cofactor Deficiency, Complementation Group C"
OMIM:615604,L-ferritin Deficiency
OMIM:615744,"Epileptic Encephalopathy, Early Infantile, 19"
OMIM:615760,"Microcephaly, Progressive, With Seizures And Cerebral And Cerebellar Atrophy"
OMIM:615905,"Epileptic Encephalopathy, Early Infantile, 25, With Amelogenesis Imperfecta"
OMIM:616172,"Generalized Epilepsy With Febrile Seizures Plus, Type 9"
OMIM:616239,Combined Oxidative Phosphorylation Deficiency 24
OMIM:616341,"Epileptic Encephalopathy, Early Infantile, 30"
OMIM:616421,Myoclonic-atonic Epilepsy
OMIM:616457,"Epileptic Encephalopathy, Early Infantile, 50"
OMIM:616540,"Epilepsy, Progressive Myoclonic, 9"
OMIM:616606,Ring Chromosome 14 Syndrome
OMIM:616640,"Epilepsy, Progressive Myoclonic, 10"
OMIM:616645,"Epileptic Encephalopathy, Early Infantile, 34"
OMIM:616647,"Epileptic Encephalopathy, Early Infantile, 35"
OMIM:616672,Combined Oxidative Phosphorylation Deficiency 27
OMIM:616685,"Epilepsy, Idiopathic Generalized, Susceptibility To, 14"
OMIM:616756,Spastic Paraplegia And Psychomotor Retardation With Or Without Seizures
OMIM:617020,"Epileptic Encephalopathy, Early Infantile, 38"
OMIM:617050,Hermansky-pudlak Syndrome 10
OMIM:617082,"Congenital Disorder Of Glycosylation, Type Iaa"
OMIM:617166,"Epileptic Encephalopathy, Early Infantile, 47"
OMIM:617171,"Dyskinesia, Seizures, And Intellectual Developmental Disorder"
OMIM:617183,Harel-yoon Syndrome
OMIM:617188,"Mental Retardation, Autosomal Recessive 57"
OMIM:617276,"Epileptic Encephalopathy, Early Infantile, 48"
OMIM:617350,"Epileptic Encephalopathy, Early Infantile, 52"
OMIM:617389,"Epileptic Encephalopathy, Early Infantile, 53"
OMIM:617507,Peho-like Syndrome
OMIM:617527,"Neurodevelopmental Disorder With Progressive Microcephaly, Spasticity, And Brain Anomalies"
OMIM:617665,"Epileptic Encephalopathy, Early Infantile, 56"
OMIM:617771,"Epileptic Encephalopathy, Early Infantile, 57"
OMIM:617830,"Epileptic Encephalopathy, Early Infantile, 58"
OMIM:617831,"Mental Retardation, Autosomal Dominant 55, With Seizures"
OMIM:617836,Developmental Delay And Seizures With Or Without Movement Abnormalities
OMIM:617864,Neurodevelopmental Disorder With Or Without Seizures And Gait Abnormalities
OMIM:617873,Combined Oxidative Phosphorylation Deficiency 35
OMIM:617924,"Epilepsy, Juvenile Myoclonic, Susceptibility To, 10"
OMIM:617976,"Epileptic Encephalopathy, Early Infantile, 63"
OMIM:618004,"Epileptic Encephalopathy, Early Infantile, 64"
OMIM:618009,Intellectual Developmental Disorder 61
OMIM:618090,Neurodevelopmental Disorder With Epilepsy And Hypoplasia Of The Corpus Callosum
OMIM:618095,"Mental Retardation, Autosomal Recessive 63"
OMIM:618141,"Epileptic Encephalopathy, Early Infantile, 67"
OMIM:618201,"Epileptic Encephalopathy, Early Infantile, 68"
OMIM:618242,"Mitochondrial Complex I Deficiency, Nuclear Type 21"
OMIM:618285,"Epileptic Encephalopathy, Early Infantile, 69"
OMIM:618314,"Hypomagnesemia, Seizures, And Mental Retardation 2"
OMIM:618331,"Encephalopathy, Progressive, Early-onset, With Episodic Rhabdomyolysis"
OMIM:618357,"Epilepsy, Idiopathic Generalized, Susceptibility To, 15"
OMIM:618482,"Generalized Epilepsy With Febrile Seizures Plus, Type 10"
OMIM:618729,Liang-wang Syndrome
OMIM:618730,"Neurodevelopmental Disorder With Microcephaly, Cortical Malformations, And Spasticity"
OMIM:618760,Neurodevelopmental Disorder With Hypotonia And Autistic Features With Or Without Hyperkinetic Movements
OMIM:618770,"Spastic Paraplegia 82, Autosomal Recessive"
